CREATE DATABASE  IF NOT EXISTS `emr` /*!40100 DEFAULT CHARACTER SET utf8 */;
USE `emr`;
-- MySQL dump 10.13  Distrib 8.0.12, for Win64 (x86_64)
--
-- Host: 192.168.10.35    Database: emr
-- ------------------------------------------------------
-- Server version	8.0.12

/*!40101 SET @OLD_CHARACTER_SET_CLIENT=@@CHARACTER_SET_CLIENT */;
/*!40101 SET @OLD_CHARACTER_SET_RESULTS=@@CHARACTER_SET_RESULTS */;
/*!40101 SET @OLD_COLLATION_CONNECTION=@@COLLATION_CONNECTION */;
 SET NAMES utf8 ;
/*!40103 SET @OLD_TIME_ZONE=@@TIME_ZONE */;
/*!40103 SET TIME_ZONE='+00:00' */;
/*!40014 SET @OLD_UNIQUE_CHECKS=@@UNIQUE_CHECKS, UNIQUE_CHECKS=0 */;
/*!40014 SET @OLD_FOREIGN_KEY_CHECKS=@@FOREIGN_KEY_CHECKS, FOREIGN_KEY_CHECKS=0 */;
/*!40101 SET @OLD_SQL_MODE=@@SQL_MODE, SQL_MODE='NO_AUTO_VALUE_ON_ZERO' */;
/*!40111 SET @OLD_SQL_NOTES=@@SQL_NOTES, SQL_NOTES=0 */;

--
-- Table structure for table `page`
--

DROP TABLE IF EXISTS `page`;
/*!40101 SET @saved_cs_client     = @@character_set_client */;
 SET character_set_client = utf8mb4 ;
CREATE TABLE `page` (
  `idpage` varchar(36) NOT NULL COMMENT '主键',
  `page_title` varchar(500) NOT NULL COMMENT '标题',
  `page_type` varchar(2) NOT NULL COMMENT '页面类型（1：信息展示页，不包含表单字段，2：表单填写页面）',
  `page_create` date NOT NULL COMMENT '创建时间',
  `page_update` date DEFAULT NULL COMMENT '修改时间',
  `page_backimg` varchar(200) DEFAULT NULL COMMENT '病历背景图，不重复，居左上角显示',
  `cssstyle` varchar(5000) DEFAULT NULL COMMENT '内容样式',
  `textcss` varchar(5000) DEFAULT NULL COMMENT '字体样式',
  `pagecol` varchar(1000) DEFAULT NULL COMMENT '备用',
  `pagecol1` varchar(1000) DEFAULT NULL COMMENT '备用',
  `pagecol2` varchar(1000) DEFAULT NULL COMMENT '备用',
  `pagecol3` varchar(1000) DEFAULT NULL COMMENT '备用',
  `pagecol4` varchar(1000) DEFAULT NULL COMMENT '备用',
  `pagecol5` varchar(1000) DEFAULT NULL COMMENT '备用',
  PRIMARY KEY (`idpage`)
) ENGINE=InnoDB DEFAULT CHARSET=utf8 COMMENT='页面配置主表';
/*!40101 SET character_set_client = @saved_cs_client */;

--
-- Dumping data for table `page`
--

LOCK TABLES `page` WRITE;
/*!40000 ALTER TABLE `page` DISABLE KEYS */;
INSERT INTO `page` VALUES ('29650559-f682-4e6a-a404-21078bd9773e','远程监测满意度调查','3','2019-06-20',NULL,NULL,NULL,NULL,NULL,NULL,NULL,NULL,NULL,NULL),('32f17749-fb55-4e0f-bd05-4de48cac0d77','跌倒风险评估量表','3','2019-06-06',NULL,NULL,NULL,NULL,NULL,NULL,NULL,NULL,NULL,NULL),('378ae43f-b967-4ca2-9f27-f0fc4cc452ad','什么是骨折？','1','2019-06-13',NULL,NULL,NULL,NULL,NULL,NULL,NULL,NULL,NULL,NULL),('3f799b37-03ef-438a-b793-29e23cdab9ec','科主任查房','3','2019-06-18',NULL,NULL,NULL,NULL,NULL,NULL,NULL,NULL,NULL,NULL),('653f164a-322d-463c-accc-087799ea66e2','给药错误','3','2019-06-19',NULL,NULL,NULL,NULL,NULL,NULL,NULL,NULL,NULL,NULL),('65c16146-e9e0-42d2-a56e-d0975889f3c8','首次评估','3','2019-06-12',NULL,NULL,NULL,NULL,NULL,NULL,NULL,NULL,NULL,NULL),('68c0ebbc-501d-4990-bbca-c873554e663c','护理质量查房','3','2019-06-18',NULL,NULL,NULL,NULL,NULL,NULL,NULL,NULL,NULL,NULL),('6a5e1191-13d0-463d-be9c-a9c17b983426','文档设计','1','2019-06-17',NULL,NULL,NULL,NULL,NULL,NULL,NULL,NULL,NULL,NULL),('6d97061d-2247-4a32-9901-614c3c083743','喉癌患者护理','3','2019-06-20',NULL,NULL,NULL,NULL,NULL,NULL,NULL,NULL,NULL,NULL),('70bc1082-0b2e-4ef1-bab2-b94249f6b1f9','输液输血反应','3','2019-06-19',NULL,NULL,NULL,NULL,NULL,NULL,NULL,NULL,NULL,NULL),('7a04b321-1511-47fc-8ae1-0dd89a4e9d90','护理部业务查房','3','2019-06-18',NULL,NULL,NULL,NULL,NULL,NULL,NULL,NULL,NULL,NULL),('7f5035b4-6001-497d-8dfc-e6b196388044','测试复杂评估','4','2019-07-11',NULL,NULL,NULL,NULL,NULL,NULL,NULL,NULL,NULL,NULL),('9c847cea-0a2e-46c3-b955-2be8ca8f87fb','测试','1','2019-06-13',NULL,NULL,NULL,NULL,NULL,NULL,NULL,NULL,NULL,NULL),('a7845798-85a6-47ea-9e2a-fccde6dfaffe','儿童先天性心脏病介入术后院外个案护理记录表','2','2019-02-01',NULL,NULL,NULL,NULL,NULL,NULL,NULL,NULL,NULL,NULL),('ac3c20f3-3033-48ac-92bf-9b0871b4261a','医生文书','3','2019-06-05',NULL,NULL,NULL,NULL,NULL,NULL,NULL,NULL,NULL,NULL),('b01a1bdb-e845-4af5-af63-e1820865a1e9','抗磷脂综合征','1','2019-06-13',NULL,NULL,NULL,NULL,NULL,NULL,NULL,NULL,NULL,NULL),('c2a19967-ccff-4802-ad3b-20d2f969c488','专家介绍','1','2019-06-13',NULL,NULL,NULL,NULL,NULL,NULL,NULL,NULL,NULL,NULL),('c41a340e-2963-4bd1-9831-96129d39945f','文档设计','1','2019-06-17',NULL,NULL,NULL,NULL,NULL,NULL,NULL,NULL,NULL,NULL),('c45db440-58f8-41c9-8cc1-d1545bb6d626','医嘱质检模板','4','2019-07-03',NULL,NULL,NULL,NULL,NULL,NULL,NULL,NULL,NULL,NULL),('c9cd8ee7-fc59-4a9c-84a2-485d7e99928a','患者身份识别与沟通管理质量评价标准','2','2019-01-25',NULL,NULL,NULL,NULL,NULL,NULL,NULL,NULL,NULL,NULL),('e70147a0-51e7-4dd5-a2cc-c2ceb8431074','出院满意度调查','3','2019-06-20',NULL,NULL,NULL,NULL,NULL,NULL,NULL,NULL,NULL,NULL),('f0a3c540-9783-43a2-b80a-f2bfcc0470de','护士文书','3','2019-06-05',NULL,NULL,NULL,NULL,NULL,NULL,NULL,NULL,NULL,NULL),('f5058b61-8e52-429b-804e-efb10392673e','门静脉高压症','1','2019-06-13',NULL,NULL,NULL,NULL,NULL,NULL,NULL,NULL,NULL,NULL);
/*!40000 ALTER TABLE `page` ENABLE KEYS */;
UNLOCK TABLES;

--
-- Table structure for table `page_ele`
--

DROP TABLE IF EXISTS `page_ele`;
/*!40101 SET @saved_cs_client     = @@character_set_client */;
 SET character_set_client = utf8mb4 ;
CREATE TABLE `page_ele` (
  `idele` varchar(36) NOT NULL COMMENT '主键',
  `idpage` varchar(36) NOT NULL COMMENT '页面主表主键',
  `ele_type` varchar(2) NOT NULL DEFAULT '3' COMMENT '页面元素类型（1：分类标题，2：label，3：输入框，4：下拉框，5：单选框，6：多选框，7：文本域，8：文件上传，9：说明性文字）',
  `ele_id` varchar(100) DEFAULT NULL COMMENT '页面元素id，只能是小写字母',
  `ele_conn` varchar(1000) DEFAULT NULL COMMENT '下拉框，单选，多选框选择数据来源接口',
  `ele_value` varchar(5000) DEFAULT NULL COMMENT '下拉框，单选，多选框选择数据固定值，json类型{key:value,key1:value1}',
  `limit_type` varchar(2) DEFAULT NULL COMMENT '限制类型（1：数值大小，2：字符长度，3：不能包含字符）',
  `limit_length` int(11) DEFAULT NULL COMMENT '输入值输入长度',
  `limit_range` varchar(50) DEFAULT NULL COMMENT '输入值显示范围a>10 and a<20的形式',
  `limit_char` varchar(100) DEFAULT NULL COMMENT '输入值中不能包含的字符（需用正则表达式，匹配不需要包含的内容）',
  `occupy_col` int(11) DEFAULT '1' COMMENT '占用列',
  `occupy_row` int(11) DEFAULT '1' COMMENT '占用行',
  `show_seq` int(11) NOT NULL DEFAULT '0' COMMENT '显示顺序',
  `textcss` varchar(5000) DEFAULT NULL COMMENT '字体样式',
  `cssstyle` varchar(5000) DEFAULT NULL COMMENT '内容样式',
  `label` text COMMENT '显示文字',
  `calculate` varchar(5000) DEFAULT NULL COMMENT '计算公式',
  PRIMARY KEY (`idele`),
  KEY `fk_page_ele_idx` (`idpage`),
  CONSTRAINT `fk_page_ele` FOREIGN KEY (`idpage`) REFERENCES `page` (`idpage`)
) ENGINE=InnoDB DEFAULT CHARSET=utf8 COMMENT='页面配置元素表';
/*!40101 SET character_set_client = @saved_cs_client */;

--
-- Dumping data for table `page_ele`
--

LOCK TABLES `page_ele` WRITE;
/*!40000 ALTER TABLE `page_ele` DISABLE KEYS */;
INSERT INTO `page_ele` VALUES ('04103c86-6931-478a-9e28-1582bbec2bc3','378ae43f-b967-4ca2-9f27-f0fc4cc452ad','2',NULL,NULL,NULL,NULL,NULL,NULL,NULL,1,1,0,NULL,NULL,'骨折在日常生活和劳动中是经常遇到的问题。但究竟什么叫骨折？',NULL),('0419f2e8-8e6b-4319-ad5f-5b7ccda2d2aa','e70147a0-51e7-4dd5-a2cc-c2ceb8431074','3','sum',NULL,NULL,NULL,NULL,NULL,NULL,1,1,12,NULL,NULL,'总分','e+f+g+k+h+i+j'),('08f9a9dd-8823-4342-98ad-0282c94c2f4f','32f17749-fb55-4e0f-bd05-4de48cac0d77','9',NULL,NULL,NULL,NULL,NULL,NULL,NULL,1,1,0,NULL,NULL,'2. 入院前 6 个月内有 2 次及以上的跌倒史，住院期间发生过跌倒，癫痫、短暂性脑缺血发作（ TIA ） 、阿斯综合征等患者直接记录为 30 分，视为高风险。',NULL),('0bb167c2-e69e-4c18-a77d-7fdda355fb3e','b01a1bdb-e845-4af5-af63-e1820865a1e9','9',NULL,NULL,NULL,NULL,NULL,NULL,NULL,1,1,18,NULL,NULL,'4. Lockshin MD; Antiphospholipid antibody syndrome. Rheum Dis Clin N Am 20;45-60,1994',NULL),('13508359-e5e2-4312-8a81-6bb8c3979b15','b01a1bdb-e845-4af5-af63-e1820865a1e9','9',NULL,NULL,NULL,NULL,NULL,NULL,NULL,1,1,5,NULL,NULL,'狼疮抗凝物阳性者在体外实验时可有凝血时间延长。但应除外引起凝血时间延长的其它原因（如凝血因子缺乏以及存在凝血因子抑制物）。通过下面的步骤可确定狼疮抗凝物的存在：1）部分促凝血酶原激酶时间延长（PTT）；2）将病人血清与正常人血清混合的纠正实验（除外凝血因子缺乏）；3）通过向病人血清中加入解冻的血小板或者磷脂使凝血时间正常（该现象仅见于狼疮抗凝物存在的情况）。由于抗凝治疗可干扰狼疮抗凝物实验的结果，因此抗凝治疗的病人不易进行该项检查。',NULL),('1a5fc2dd-3f9e-4bec-b144-78e42810427f','b01a1bdb-e845-4af5-af63-e1820865a1e9','1',NULL,NULL,NULL,NULL,NULL,NULL,NULL,1,1,1,NULL,NULL,'[临床特点]',NULL),('1ac80fe4-8071-4d37-88f0-012b855c8c10','b01a1bdb-e845-4af5-af63-e1820865a1e9','1',NULL,NULL,NULL,NULL,NULL,NULL,NULL,1,1,3,NULL,NULL,'[实验室检查]',NULL),('1bcfd4ef-feb9-4967-9b6c-d34409cbbe12','f5058b61-8e52-429b-804e-efb10392673e','1',NULL,NULL,NULL,NULL,NULL,NULL,NULL,1,1,0,NULL,NULL,'『疾病概述:』',NULL),('227a50a4-49a9-44f7-8da4-de24b5853ad3','b01a1bdb-e845-4af5-af63-e1820865a1e9','2',NULL,NULL,NULL,NULL,NULL,NULL,NULL,1,1,8,NULL,NULL,'表1 抗磷脂抗体综合征的诊断标准',NULL),('27746f2b-2a92-4c29-96e5-bed5d650fc62','e70147a0-51e7-4dd5-a2cc-c2ceb8431074','5','f',NULL,'{\'0\':\'很满意\',\'1\':\'满意\',\'2\':\'一般\',\'3\':\'不满意\'}',NULL,NULL,NULL,NULL,1,1,2,NULL,NULL,' ',NULL),('2b59c8b1-9f4a-45d1-8e11-11beeac842f3','e70147a0-51e7-4dd5-a2cc-c2ceb8431074','2',NULL,NULL,NULL,NULL,NULL,NULL,NULL,1,1,8,NULL,NULL,'6.您对出入院结账处工作人员的服务是否满意',NULL),('2d3d57a7-bdc4-4065-ba38-206f049f4b61','378ae43f-b967-4ca2-9f27-f0fc4cc452ad','9',NULL,NULL,NULL,NULL,NULL,NULL,NULL,1,1,0,NULL,NULL,'有的人仅仅是骨里面的骨小梁发生断裂，表面看不出骨折，有的甚至在医生看X线片时，也说没有骨折',NULL),('30bf5f30-29c1-409c-b2d8-58817f7ac810','f5058b61-8e52-429b-804e-efb10392673e','9',NULL,NULL,NULL,NULL,NULL,NULL,NULL,1,1,1,NULL,NULL,'这些肝外门体静脉自然分流的结果使门静脉对肝脏的供血减少，大量血液不经肝窦与肝细胞进行交换直接流入体循环。正常门静脉血液中含有来自胰腺，与维持肝细胞营养和促使肝细胞再生有密切关系的肝营养因子。门体自然分流的结果使门静脉血液中的肝营养因子不能到达肝细胞，以及其他一些物质未经肝脏灭活或解毒即逸入体循环。',NULL),('321af581-1023-4449-8d65-04ecb03141c7','b01a1bdb-e845-4af5-af63-e1820865a1e9','9',NULL,NULL,NULL,NULL,NULL,NULL,NULL,1,1,7,NULL,NULL,'APS的诊断标准见表1。APS没有特有的临床表现及实验室检查。在如下情况中应考虑APS的诊断：难以解释的动脉或者静脉血栓，血栓形成的部位很不寻常（如肾或者肾上腺静脉），出现血栓的患者年龄小于50岁，反复出现的血栓，妊娠3个月至9个月期间出现的流产，以及在同一个病人出现多个APS症状。确诊应依据狼疮抗凝物实验阳性或者出现中度滴度以上的抗心磷脂抗体（最好是IgG型）。',NULL),('34f98603-2bd9-47fd-af72-65cd82bc52b9','b01a1bdb-e845-4af5-af63-e1820865a1e9','9',NULL,NULL,NULL,NULL,NULL,NULL,NULL,1,1,13,NULL,NULL,'对于有静脉或者动脉血栓的病人往往容易复发，因此口服抗凝药物是必要的。新近的研究提示将国际标准化比值（INR）调整至3.0通常可有效预防血栓形成。有些研究还建议每日半量阿司匹林与华发令合用可预防动脉血栓，但这也加大了出血的危险性。 对于尽管已经使用华发令适当抗凝治疗的患者，如果再次发生血栓，可每日2次皮下注射肝素使PTT延长至正常的1.5到2倍，或者进行免疫抑制治疗（如环磷酰胺每日或者每月静脉冲击治疗）。然而，这些治疗效果差异很大。对于重症APS的病人可使用大剂量强地松，静脉环磷酰胺冲击，以及肝素治疗后用华发令维持，但这种治疗方案的疗效也未被证实。 ',NULL),('37479d3f-873b-478c-8c17-ab6049789dd6','3f799b37-03ef-438a-b793-29e23cdab9ec','3','a',NULL,NULL,NULL,NULL,NULL,NULL,1,1,0,NULL,NULL,'科室名称',NULL),('37bbd5f5-2c2a-4f1e-ad8a-37e6b6b5369c','653f164a-322d-463c-accc-087799ea66e2','3','a',NULL,NULL,NULL,NULL,NULL,NULL,1,1,0,NULL,NULL,'傲文法文',NULL),('395e38ca-d779-4d08-868d-5aa73170c123','32f17749-fb55-4e0f-bd05-4de48cac0d77','3','sum',NULL,NULL,NULL,NULL,NULL,NULL,1,1,0,'1',NULL,'评估总分','age+exception+drug+tool+history+move1+move2+move3+cognize1+cognize2+cognize3'),('395e38ca-d779-4d08-868d-5aa73170c127','32f17749-fb55-4e0f-bd05-4de48cac0d77','10','',NULL,NULL,NULL,NULL,NULL,NULL,1,1,0,'1',NULL,'',''),('3d080d5d-dfdb-4a26-a14c-8885327bcb0f','b01a1bdb-e845-4af5-af63-e1820865a1e9','2',NULL,NULL,NULL,NULL,NULL,NULL,NULL,1,1,1,NULL,NULL,'血栓形成',NULL),('3daa8f55-ee59-43f5-bf67-74cb3887ff04','e70147a0-51e7-4dd5-a2cc-c2ceb8431074','5','i',NULL,'{\'0\':\'很满意\',\'1\':\'满意\',\'2\':\'一般\',\'3\':\'不满意\'}',NULL,NULL,NULL,NULL,1,1,9,NULL,NULL,' ',NULL),('3e3039d7-0219-4e2d-9e70-5f30f3d31a52','b01a1bdb-e845-4af5-af63-e1820865a1e9','9',NULL,NULL,NULL,NULL,NULL,NULL,NULL,1,1,19,NULL,NULL,'5. Harris EN, Pierangeli SS, Birch D; Anticardiolipin wet workshop report: 5th International<',NULL),('434b3072-d83e-4d52-b92f-a1d34178d43f','e70147a0-51e7-4dd5-a2cc-c2ceb8431074','3','w',NULL,NULL,NULL,NULL,NULL,NULL,1,1,1,NULL,NULL,'出院日期：',NULL),('464925bc-7cfb-4051-adfa-e015f846ba51','b01a1bdb-e845-4af5-af63-e1820865a1e9','9',NULL,NULL,NULL,NULL,NULL,NULL,NULL,1,1,2,NULL,NULL,'APS患者还可出现其它的临床表现及实验室检查的异常，但其发生频率及临床意义目前还不清楚。这些表现包括形成心瓣膜赘生物及瓣膜关闭不全，网状青斑，下肢溃疡，偏头痛。另外还可出现各种神经系统症状，包括舞蹈症',NULL),('4b3506bc-0873-46a1-a8d8-62e54f47cbd4','6a5e1191-13d0-463d-be9c-a9c17b983426','10',NULL,NULL,NULL,NULL,NULL,NULL,NULL,1,1,0,'1',NULL,NULL,NULL),('4dd8cd29-4160-4715-9c82-d12a119a7560','b01a1bdb-e845-4af5-af63-e1820865a1e9','1',NULL,NULL,NULL,NULL,NULL,NULL,NULL,1,1,14,NULL,NULL,'参考文献',NULL),('51e82569-f791-425e-aab1-40e4b74392b8','6d97061d-2247-4a32-9901-614c3c083743','10',NULL,NULL,NULL,NULL,NULL,NULL,NULL,1,1,0,NULL,NULL,NULL,NULL),('53227789-94bb-4b30-b621-80c6b4256370','e70147a0-51e7-4dd5-a2cc-c2ceb8431074','5','d',NULL,'{\'患者本人\':\'患者本人\',\'家属\':\'家属\',\'亲友\':\'亲友\'}',NULL,NULL,NULL,NULL,1,1,1,NULL,NULL,'您的身份',NULL),('68d7748d-c627-4ce5-b9f9-c0c629ae3b01','3f799b37-03ef-438a-b793-29e23cdab9ec','10',NULL,NULL,NULL,NULL,NULL,NULL,NULL,1,1,1,NULL,NULL,NULL,NULL),('69112801-0266-4ffa-acf8-0cfeda24229b','e70147a0-51e7-4dd5-a2cc-c2ceb8431074','5','j',NULL,'{\'0\':\'很满意\',\'1\':\'满意\',\'2\':\'一般\',\'3\':\'不满意\'}',NULL,NULL,NULL,NULL,1,1,11,NULL,NULL,' ',NULL),('69158506-d118-436d-996f-5f372d61e370','68c0ebbc-501d-4990-bbca-c873554e663c','10',NULL,NULL,NULL,NULL,NULL,NULL,NULL,1,1,0,NULL,NULL,NULL,NULL),('6a192034-5786-40da-b6b0-9b401a43a3fc','b01a1bdb-e845-4af5-af63-e1820865a1e9','9',NULL,NULL,NULL,NULL,NULL,NULL,NULL,1,1,1,NULL,NULL,'APS患者有时可仅表现为血小板减少。但在多数情况下是其它临床表现伴发轻度到中度的血小板减少（100,000 - 150,000/mm3）。血小板减少并不一定能避免血栓形成，但在这种情况下进行抗凝治疗是危险的。',NULL),('6bf79d94-9fb6-4de2-9d46-f9233ae90f69','b01a1bdb-e845-4af5-af63-e1820865a1e9','9',NULL,NULL,NULL,NULL,NULL,NULL,NULL,1,1,1,NULL,NULL,'在抗磷脂抗体介导的血栓形成过程中，一种名为β2糖蛋白1（β2GP1）的血浆蛋白很受关注。β2GP1可结合如磷脂的带有负电荷的分子，由于β2GP1有抑制由带有阴性电荷磷脂催化的凝血反应，如凝血酶原-凝血酶的转化，因此被认为是\"天然的抗凝物\"。 以β2GP1免疫小鼠可同时产生抗β2GP1和抗心磷脂的抗体。除了β2GP1，磷脂结合蛋白包括人IgG抗磷脂抗体也可诱导产生抗心磷脂抗体。目前认为抗磷脂抗体可通过中和β2GP1的抗凝作用引起血栓形成。',NULL),('6d1f48f0-e9cb-4e62-9eb0-bedc2054405a','9c847cea-0a2e-46c3-b955-2be8ca8f87fb','1',NULL,NULL,NULL,NULL,NULL,NULL,NULL,1,1,0,NULL,NULL,'科室名称',NULL),('6f2e0a7c-40f1-4092-bce0-74cdc00be5dd','e70147a0-51e7-4dd5-a2cc-c2ceb8431074','2',NULL,NULL,NULL,NULL,NULL,NULL,NULL,1,1,2,NULL,NULL,'3.您对护士的护理技术:',NULL),('70cbab90-dc2d-4475-83f6-f6f92a5286d1','e70147a0-51e7-4dd5-a2cc-c2ceb8431074','2',NULL,NULL,NULL,NULL,NULL,NULL,NULL,1,1,1,NULL,NULL,'2.您对护士的服务态度:',NULL),('716fc7ab-ad27-4993-9066-fb66b7243e35','b01a1bdb-e845-4af5-af63-e1820865a1e9','9',NULL,NULL,NULL,NULL,NULL,NULL,NULL,1,1,1,NULL,NULL,'一组APS症状的出现并不意味着该病人易于出现其它的症状。例如，一些反复流产的妇女可无血栓形成的出现，反之亦然。',NULL),('72805ff1-39ba-4b97-b0b4-f5ea65220be8','b01a1bdb-e845-4af5-af63-e1820865a1e9','9',NULL,NULL,NULL,NULL,NULL,NULL,NULL,1,1,4,NULL,NULL,'对怀疑有APS的病人均应进行抗心磷脂及狼疮抗凝物的检查，因为这两个实验可能其中一种阳性而另一种呈阴性。抗心磷脂实验采用ELISA技术。结果按照抗体的类型（IgG，IgM或者IgA）及水平报告。 由于各实验室间结果的差异，有人建议抗心磷脂的水平可按高（）80单位），中（20 - 80单位），低（10 - 20单位）半定量的方法报告。中度以上的IgG抗心磷脂阳性对APS的诊断最为特异。',NULL),('7822ea88-5c46-4677-a4dc-dc51640fd84b','32f17749-fb55-4e0f-bd05-4de48cac0d77','1',NULL,NULL,NULL,NULL,NULL,NULL,NULL,1,1,0,'font-size:14px;color:red;',NULL,'备注：遇有以下情况直接评估',NULL),('79b5170c-8713-40f2-ac2e-83137cfda4bf','f5058b61-8e52-429b-804e-efb10392673e','9',NULL,NULL,NULL,NULL,NULL,NULL,NULL,1,1,1,NULL,NULL,'（一）门体交通支开放 门静脉与体静脉系统在胃食管交界处、直肠肛门交界处，脐周，后腹膜都存在着交通支。这些交通支平日关闭，门静脉压力增高时这些交通支开放，这是一种代偿性反应使门静脉的部分血液可通过以下途径回流至体静脉。①在胃食管交界处，门静脉血经胃左（冠状）静脉或胃短静脉，食管静脉至奇静脉或半奇静脉，回流至上腔静脉。这个交通支的开放就是门静脉高压时食管胃底静脉曲张的由来。②在直肠肛门交界处，门静脉血经肠系膜下静脉，直肠上静脉至痔静脉丛，然后再经直肠中静脉、髂内静脉至下腔静脉，或经直肠下静脉、阴部内静脉、髂内静脉至下腔静脉。③在脐周，门静脉血先至脐静脉（肝圆韧带内），通过脐孔至腹壁浅静脉，然后向上经腹壁上静脉、胸壁静脉、腋静脉至上腔静脉，或向下经腹壁下静脉、大隐静脉至下腔静脉。④在腹膜后，门静脉血从肠系膜上或下静脉至下腔静脉。 ',NULL),('7aceaaad-9bfe-47c4-8bdd-65e23c514308','f5058b61-8e52-429b-804e-efb10392673e','1',NULL,NULL,NULL,NULL,NULL,NULL,NULL,1,1,0,NULL,NULL,'『发病机制:』',NULL),('7f5035b4-6001-497d-8dfc-e6b196388044','7f5035b4-6001-497d-8dfc-e6b196388044','10',NULL,NULL,NULL,NULL,NULL,NULL,NULL,1,1,0,'1',NULL,NULL,NULL),('7f9e5d80-70d9-457a-8c87-0842ddb7b87f','b01a1bdb-e845-4af5-af63-e1820865a1e9','9',NULL,NULL,NULL,NULL,NULL,NULL,NULL,1,1,0,NULL,NULL,'由于在抗磷脂抗体阳性的人群中只有部分出现临床表现，故APS的发生还与其它因素有关。',NULL),('80308232-897c-4233-a038-a35fc03c1cc7','b01a1bdb-e845-4af5-af63-e1820865a1e9','2',NULL,NULL,NULL,NULL,NULL,NULL,NULL,1,1,2,NULL,NULL,'其它特征',NULL),('84a4fb34-e68b-4939-87fc-9f294d35782d','e70147a0-51e7-4dd5-a2cc-c2ceb8431074','5','c',NULL,'{\'知道\':\'知道\',\'不知道\':\'不知道\'}',NULL,NULL,NULL,NULL,1,1,1,NULL,NULL,'主管医生',NULL),('86f1dc9b-010b-40e7-8eb9-0a5831f3d373','f5058b61-8e52-429b-804e-efb10392673e','9',NULL,NULL,NULL,NULL,NULL,NULL,NULL,1,1,1,NULL,NULL,'三）动静脉短路开放和高血流动力改变正常情况下血液中有一些对血管动力（血流量和阻力）有改变作用的液递物质都要经过肝脏被灭活，肝硬变引起门静脉高压时，肝外有自然门体分流，肝脏功能又有损害，肝内酶系统发生障碍，液递物质的代谢发生紊乱，大量这种液递物质未经灭活即进入体循环，使血液中的浓度增高。这些液递物质对肝内外血管系统不同部位的血管床和括约肌有不同的作用。有的作用於窦后，增加肝静脉的阻力；有的作用于窦前，增加门静脉的阻力；有的增加心排出量，减少周围血管的阻力，增加体循环和内脏动脉的血流量，并使内脏（胃、脾）的动静脉短路开放，全身处于高排低阻的高血流动力状态，其结果使门静脉的血流增加。这些液递物质均能使门静脉的压力进一步升高。门静脉高压病人高血流动力学的表现有：脾动脉增粗并出现震颤，脾血氧饱和度增高，脾动脉至脾静脉的循环时间缩短等。此外正常人汇管区的小叶间动脉与小叶间静脉之间有动静脉短路，处于关闭状态，门静脉高压时可以开放，大量肝动脉血通过短路流至肝内门静脉分支，并离肝逆流而出，使门静脉压力更加升高，门静脉主干从输入血管变为输出血管。 ',NULL),('89db1aa3-0631-4e7e-adf4-d30ab14b8ace','e70147a0-51e7-4dd5-a2cc-c2ceb8431074','2',NULL,NULL,NULL,NULL,NULL,NULL,NULL,1,1,6,NULL,NULL,'5.您对挂号收费处工作人员的服务是否满意?',NULL),('8e7ba4a5-ef74-45d9-b67b-2bd9b5bd2d06','653f164a-322d-463c-accc-087799ea66e2','3','w',NULL,NULL,NULL,NULL,NULL,NULL,1,1,0,NULL,NULL,'科室名称',NULL),('927538fc-5c89-4f7a-96f1-f0a94b8be215','e70147a0-51e7-4dd5-a2cc-c2ceb8431074','2',NULL,NULL,NULL,NULL,NULL,NULL,NULL,1,1,0,NULL,NULL,'尊敬的病员（家属）同志：',NULL),('9367e371-2087-4831-865f-7e2e465e674f','b01a1bdb-e845-4af5-af63-e1820865a1e9','9',NULL,NULL,NULL,NULL,NULL,NULL,NULL,1,1,15,NULL,NULL,'1. Harris EN: Syndrome of the black swan. Br J Rheumatol 26;324-326,1987',NULL),('96e966db-7d7e-4c34-b028-b7b90c3344d7','f5058b61-8e52-429b-804e-efb10392673e','9',NULL,NULL,NULL,NULL,NULL,NULL,NULL,1,1,1,NULL,NULL,' 从以上的病理生理变化可见门静脉高压的形成有原发的因素，即门静脉系统的梗阻，是机械性的，使门静脉阻力增加流量减少；也有继发的因素，即高血流动力状态，是功能性的，使内脏动脉血流增加阻力减少。一般称前者为背向机制，后者为前向机制。',NULL),('989a5af8-12b0-4ccb-8086-21a3dd7d929e','7a04b321-1511-47fc-8ae1-0dd89a4e9d90','10',NULL,NULL,NULL,NULL,NULL,NULL,NULL,1,1,0,NULL,NULL,NULL,NULL),('98ddcf90-862f-4be2-b562-f4640e8c5723','f5058b61-8e52-429b-804e-efb10392673e','2',NULL,NULL,NULL,NULL,NULL,NULL,NULL,1,1,0,NULL,NULL,'肝脏由两个血管（肝动脉和门静脉）供血。肝脏的总血流量占心排出量的１／４，其中２０～３０％来自肝动脉，７０～８０％来自门静脉。门静脉系统血流的调节主要发生在两个部位，即内脏的毛细血管前部分和肝血窦前部分。前者决定门静脉的血流量，后者决定门静脉血流在肝内受到的阻力。门静脉的压力取决于门静脉的血流量和阻力以及下腔静脉的压力。肝动脉的血在肝血窦内与门静脉的血混合。肝动脉进入肝血窦前先经过多次分支形成毛细血管，因此对动脉血起了大幅度的降压作用。终末门小静脉和终末肝小动脉均有平滑肌内皮细胞可以调节进入肝血窦的血液流量和阻力。肝血窦壁的Kupffer细胞和其出口处的内皮细胞均可胀缩以改变其突出于腔内的程度，调节流出至肝静脉血液的流量和阻力。毛细血管进入肝血窦后突然变宽。肝血窦轮流开放，平时只有1/５的肝血窦有血流通过，肝总血流量增加时，更多的肝血窦开放，以容纳更多的血液，起缓冲作用，减少门静脉压力变化。以上这些因素均使血液进入肝血窦后流速变慢压力降低，使肝血窦维持在低压低灌状态。肝血窦内血流缓慢有利于肝细胞与血液间的充分物质交换。',NULL),('9a3a8a67-1833-44a1-867f-e783a41c5703','65c16146-e9e0-42d2-a56e-d0975889f3c8','1',NULL,NULL,NULL,NULL,NULL,NULL,NULL,1,1,0,NULL,NULL,'傲文法',NULL),('9bc0d4ee-cfc4-49d0-b9b7-51fcc67cab3b','b01a1bdb-e845-4af5-af63-e1820865a1e9','9',NULL,NULL,NULL,NULL,NULL,NULL,NULL,1,1,11,NULL,NULL,'流产妇女中只有一小部分为抗磷脂综合征所致。流产的其它原因包括胚胎染色体异常，母体生殖器官解剖异常，以及母体的其它疾患如内分泌，感染，自身免疫及药物引起的疾病。',NULL),('a03164ce-e47c-44dc-810c-9e5dc134f797','e70147a0-51e7-4dd5-a2cc-c2ceb8431074','3','a',NULL,NULL,NULL,NULL,NULL,NULL,1,1,1,NULL,NULL,'住院病区',NULL),('a078baf1-6409-493e-92ca-c9fb602a688b','b01a1bdb-e845-4af5-af63-e1820865a1e9','10',NULL,NULL,NULL,NULL,NULL,NULL,NULL,1,1,9,'1',NULL,NULL,NULL),('a262c452-c90a-422b-abd7-8bf5fafea666','b01a1bdb-e845-4af5-af63-e1820865a1e9','9',NULL,NULL,NULL,NULL,NULL,NULL,NULL,1,1,0,NULL,NULL,'抗磷脂抗体如何引起血栓形成目前还不清楚。有研究提示这些抗体可抑制由带有阴性电荷磷脂催化的凝血瀑布反应。这些反应包括因子X的激活，凝血酶原-凝血酶的转换，蛋白C的激活，以及激活的蛋白C所致的因子Va的失活。抗磷脂抗体抑制蛋白C激活或者中和对因子Va失活的作用可使病人处于\"血栓前状态\"。已经证明抗心磷脂抗体与磷脂酰丝氨酸的交叉反应使之与血小板结合并激活血小板，也可引起血栓形成。其它可能的机理还包括血小板合成的血栓素增加，抑制前列腺环素的合成，以及刺激由内皮细胞产生组织因子。',NULL),('a5981b0b-60e9-4d18-b573-7132545ee60a','b01a1bdb-e845-4af5-af63-e1820865a1e9','1',NULL,NULL,NULL,NULL,NULL,NULL,NULL,1,1,6,NULL,NULL,'[鉴别诊断]',NULL),('a70cb929-4a38-4507-ba01-07d313fa55e9','f5058b61-8e52-429b-804e-efb10392673e','9',NULL,NULL,NULL,NULL,NULL,NULL,NULL,1,1,0,NULL,NULL,'０．９８～１．４７ｋＰａ（１００～１５０ｍｍＨ２O），当门静脉压力超过２．４５ｋＰａ（２５０ｍｍＨ２Ｏ）时即为门静脉高压。',NULL),('a8d22978-243e-4f1f-b270-e2852d57fd56','9c847cea-0a2e-46c3-b955-2be8ca8f87fb','2',NULL,NULL,NULL,NULL,NULL,NULL,NULL,1,1,1,NULL,NULL,'科室名称',NULL),('a960561d-5c1e-4a57-8361-632de3cd3351','f5058b61-8e52-429b-804e-efb10392673e','2',NULL,NULL,NULL,NULL,NULL,NULL,NULL,1,1,1,NULL,NULL,'门静脉血液回流受阻后门静脉压力升高，身体即作出以下的反应： ',NULL),('ad4eeb39-73ef-4135-9f60-52ac87405380','e70147a0-51e7-4dd5-a2cc-c2ceb8431074','1',NULL,NULL,NULL,NULL,NULL,NULL,NULL,1,1,0,NULL,NULL,'一、  基本情况',NULL),('b001a9c4-0d97-4edf-9254-d939e130cb8a','29650559-f682-4e6a-a404-21078bd9773e','3','w',NULL,NULL,NULL,NULL,NULL,NULL,1,1,0,NULL,NULL,'科室名称',NULL),('b1a40c50-b1e3-4e2a-8ebe-a4122ac5ea1c','e70147a0-51e7-4dd5-a2cc-c2ceb8431074','2',NULL,NULL,NULL,NULL,NULL,NULL,NULL,1,1,4,NULL,NULL,'4. 医护人员是否向您介绍住院的有关规定、注意事项及便民措施?',NULL),('b66eb9ed-05bf-4165-a081-ea70db8cdcac','b01a1bdb-e845-4af5-af63-e1820865a1e9','9',NULL,NULL,NULL,NULL,NULL,NULL,NULL,1,1,10,NULL,NULL,'对于难解释的静脉血栓病人还应注意除外蛋白C，蛋白S，或者抗凝血酶III缺乏；异常纤溶酶原血症，异常纤维蛋白原血症；肾病综合征；真性红细胞增多症；Behcet氏综合征；阵发性夜间血红蛋白尿；以及口服避孕药所致的副作用。 对于动脉阻塞的病人应除外高脂血征，糖尿病，高血压，血管炎，以及同型胱氨酸尿症。',NULL),('b87630c9-0c08-48c8-bd32-4bd44ce0a39c','32f17749-fb55-4e0f-bd05-4de48cac0d77','9',NULL,NULL,NULL,NULL,NULL,NULL,NULL,1,1,0,NULL,NULL,'1. 完全麻痹，完全瘫痪患者直接记录为 0 分，视为低风险',NULL),('b9f520b5-8d6c-4191-b80f-d1dcfe5cb241','b01a1bdb-e845-4af5-af63-e1820865a1e9','9',NULL,NULL,NULL,NULL,NULL,NULL,NULL,1,1,1,NULL,NULL,'有些病人可同时或者在短时间内出现多处血栓形成，病情较重甚至危及生命。另外遇到上述情况时还应注意除外血栓性血小板减少性紫癜及弥漫性血管内凝血。 流产 流产可见于妊娠的任何时期，但在3个月至9个月期间更为常见。一般认为流产是由于胎盘血栓形成所致；另外，抗体与绒毛膜上的磷脂酰丝氨酸交叉反应也可引起胎盘损伤。',NULL),('bdba1a21-3ff6-4f10-bf96-44ed96215e8b','e70147a0-51e7-4dd5-a2cc-c2ceb8431074','5','k',NULL,'{\'3\':\'详细介绍\',\'1\':\'大概介绍\',\'0\':\'没有介绍\'}',NULL,NULL,NULL,NULL,1,1,5,NULL,NULL,' ',NULL),('bf5ec34f-cdd6-4ff0-a6a0-6f582ace3da2','9c847cea-0a2e-46c3-b955-2be8ca8f87fb','10',NULL,NULL,NULL,NULL,NULL,NULL,NULL,1,1,1,NULL,NULL,NULL,NULL),('bf8d5d78-66ce-476f-babc-2fd29ccb367b','f5058b61-8e52-429b-804e-efb10392673e','2',NULL,NULL,NULL,NULL,NULL,NULL,NULL,1,1,0,NULL,NULL,'门静脉主干由肠系膜上静脉和脾静脉汇合而成。在肝门处门静脉主干分左、右两支进入左、右半肝，经多次分支后在肝小叶间（汇管区）形成小叶间静脉。小叶间静脉的分支进入肝小叶内，其终末支门小静脉扩大成肝血窦。肝小叶内的肝血窦汇集至中央静脉，后者出肝小叶在小叶间汇合，先成为小叶下静脉，最终成为左、中、右肝静脉，分别开口于下腔静脉。门静脉系统始于胃、肠、脾、胰等内脏的毛细血管，终于肝血窦。门静脉系统内无静脉瓣，在门静脉的各属支均可测门静脉压力。正常门静脉压力为',NULL),('c016a47e-8ae1-486e-a3c8-a880190550b0','e70147a0-51e7-4dd5-a2cc-c2ceb8431074','5','h',NULL,'{\'0\':\'很满意\',\'1\':\'满意\',\'2\':\'一般\',\'3\':\'不满意\'}',NULL,NULL,NULL,NULL,1,1,7,NULL,NULL,' ',NULL),('c0330782-a824-4f3a-b046-e46e5f344e73','e70147a0-51e7-4dd5-a2cc-c2ceb8431074','1',NULL,NULL,NULL,NULL,NULL,NULL,NULL,1,1,1,NULL,NULL,'二、请您对本院提供的服务满意度给予评价',NULL),('c45db440-58f8-41c9-8cc1-d1545bb6d626','c45db440-58f8-41c9-8cc1-d1545bb6d626','10',NULL,NULL,NULL,NULL,NULL,NULL,NULL,1,1,0,'1',NULL,NULL,NULL),('c6e8c01b-3df9-4841-a154-2a568dfee8e3','29650559-f682-4e6a-a404-21078bd9773e','10',NULL,NULL,NULL,NULL,NULL,NULL,NULL,1,1,0,NULL,NULL,NULL,NULL),('cf271da2-b243-4546-b4df-3f620c197c66','b01a1bdb-e845-4af5-af63-e1820865a1e9','9',NULL,NULL,NULL,NULL,NULL,NULL,NULL,1,1,1,NULL,NULL,'所有大小动静脉血管都易于血栓形成。血栓事件呈散在发生，且与抗体水平的高低无关，这些抗体可多年持续在高水平而不出现血栓形成。多数病人血栓的形成或者 局限在动脉或者是局限在静脉，这提示影响形成动脉和静脉血栓的因素可能不同。由于受累血管部位不同，临床症状可变化很大。在静脉，深静脉是血栓形成的最好发部位，但也可出现在肺血管，下腔静脉，肾及肝静脉。中风或者短暂缺血是最常出现的动脉血栓形成的症状，但也有发生心肌，肾上腺，胃肠道梗塞及肢体坏疽的报道。',NULL),('cf498861-2a40-4830-9fb5-42560e1797fa','b01a1bdb-e845-4af5-af63-e1820865a1e9','1',NULL,NULL,NULL,NULL,NULL,NULL,NULL,1,1,12,NULL,NULL,'[治疗]',NULL),('d096ab10-5ee0-4e52-bafd-671b071577d7','b01a1bdb-e845-4af5-af63-e1820865a1e9','2',NULL,NULL,NULL,NULL,NULL,NULL,NULL,1,1,1,NULL,NULL,'血小板减少',NULL),('d467fe47-cb23-4625-88bb-64e0c5e2ddac','70bc1082-0b2e-4ef1-bab2-b94249f6b1f9','10',NULL,NULL,NULL,NULL,NULL,NULL,NULL,1,1,0,NULL,NULL,NULL,NULL),('d86ab0cc-6d60-4452-a6c8-7274469c9423','b01a1bdb-e845-4af5-af63-e1820865a1e9','1',NULL,NULL,NULL,NULL,NULL,NULL,NULL,1,1,0,NULL,NULL,'[病因及发病机理]',NULL),('dd93bd25-2acb-42ec-a370-d5676f408595','e70147a0-51e7-4dd5-a2cc-c2ceb8431074','2',NULL,NULL,NULL,NULL,NULL,NULL,NULL,1,1,1,NULL,NULL,'1. 您对医生给您的诊病效果：',NULL),('de5badb4-905f-479f-915b-753960d2423c','b01a1bdb-e845-4af5-af63-e1820865a1e9','9',NULL,NULL,NULL,NULL,NULL,NULL,NULL,1,1,16,NULL,NULL,'2. Vianna JL, Khamashta MA, Ordi-Ros J, et al: Comparison of the primary and secondary antiphospholipid syndrome; a European multicenter study of 114 patients. Am J Med 96;3-9,1994',NULL),('e45893f1-056c-440e-9e49-fd6daaf34955','b01a1bdb-e845-4af5-af63-e1820865a1e9','9',NULL,NULL,NULL,NULL,NULL,NULL,NULL,1,1,17,NULL,NULL,'3. Goldberg SN, Greco TP; A family study of anticardiolipin antibodies and associated clinical correlations. Am J Med 69;473-479,1995',NULL),('e813247d-9831-46b2-bc94-371eb231213e','e70147a0-51e7-4dd5-a2cc-c2ceb8431074','5','e',NULL,'{\'0\':\'很满意\',\'1\':\'满意\',\'2\':\'一般\',\'3\':\'不满意\'}',NULL,NULL,NULL,NULL,1,1,1,NULL,NULL,' ',NULL),('eef7f823-44c3-4ec9-9dfe-39e26360ddaa','f5058b61-8e52-429b-804e-efb10392673e','9',NULL,NULL,NULL,NULL,NULL,NULL,NULL,1,1,1,NULL,NULL,'（二）肝动脉血流增加 门静脉高压时门静脉回流受阻，又有肝外自然的门体分流，肝脏的总血流量减少，身体为了维持肝总血流量不变，使肝动脉血流量代偿性增加，肝总血流量中肝动脉与门静脉血所占的比例随病变的发展而改变，门静脉血所占的比例越来越下降，肝动脉血所占比例越来越上升。 ',NULL),('f52b39bb-b9a5-4d77-be17-f6b777655923','9c847cea-0a2e-46c3-b955-2be8ca8f87fb','9',NULL,NULL,NULL,NULL,NULL,NULL,NULL,1,1,1,NULL,NULL,'科室名称',NULL),('f765b5cb-6bff-4f3f-8c01-914d88fe5fd0','e70147a0-51e7-4dd5-a2cc-c2ceb8431074','9',NULL,NULL,NULL,NULL,NULL,NULL,NULL,1,1,0,NULL,NULL,'我院为提高医疗服务质量，营造更好的医疗服务环境，恳请您利用几分钟时间填写这份问卷，并在此表相应的选项上打“√”。为保障您的权益，本卷将由专人办理，并对回答内容予以保密，敬请安心作答。',NULL),('f8003737-78b8-43c4-9d9a-574cb48cfb8d','e70147a0-51e7-4dd5-a2cc-c2ceb8431074','2',NULL,NULL,NULL,NULL,NULL,NULL,NULL,1,1,10,NULL,NULL,'7.您对药房工作人员的服务是否满意?',NULL),('f969d478-dfcd-4225-8155-0667b94a6e07','b01a1bdb-e845-4af5-af63-e1820865a1e9','2',NULL,NULL,NULL,NULL,NULL,NULL,NULL,1,1,0,NULL,NULL,'抗磷脂综合征（APS）为一种以反复动脉或者静脉血栓，流产，同时伴有抗心磷脂或者狼疮抗凝物实验持续阳性的疾患。该疾患可继发于系统性红斑狼疮或者其它自身免疫病，但也可单独出现（原发抗磷脂综合征）。无论原发或者继发的APS，其临床表现及实验室检查的特征并无差别。 虽然该疾患在成人多见，但儿童也有发生。女性发病率明显多于男性。APS的家族倾向并不明显，但患者亲属的抗心磷脂或者狼疮抗凝物检查常可阳性。',NULL),('fc086e3d-17ba-4b6e-bd0d-402ac59b96f4','e70147a0-51e7-4dd5-a2cc-c2ceb8431074','5','g',NULL,'{\'0\':\'很满意\',\'1\':\'满意\',\'2\':\'一般\',\'3\':\'不满意\'}',NULL,NULL,NULL,NULL,1,1,3,NULL,NULL,' ',NULL);
/*!40000 ALTER TABLE `page_ele` ENABLE KEYS */;
UNLOCK TABLES;

--
-- Table structure for table `page_table`
--

DROP TABLE IF EXISTS `page_table`;
/*!40101 SET @saved_cs_client     = @@character_set_client */;
 SET character_set_client = utf8mb4 ;
CREATE TABLE `page_table` (
  `idtable` varchar(36) NOT NULL COMMENT '主键',
  `idele` varchar(36) DEFAULT NULL COMMENT 'page_ele表主键',
  `colspan` int(11) DEFAULT NULL COMMENT 'td中的colspan属性',
  `rowspan` int(11) DEFAULT NULL COMMENT 'td中的rowspan属性值',
  `label_type` varchar(10) DEFAULT NULL COMMENT '标签类型（td or tr）',
  `showcontent` varchar(5000) DEFAULT NULL COMMENT '显示内容，里面有input等内容都是直接存label string',
  `show_seq` int(11) DEFAULT NULL COMMENT '显示顺序(没有使用)',
  `textcss` varchar(5000) DEFAULT NULL COMMENT 'td的文本样式',
  `cssstyle` varchar(5000) DEFAULT NULL COMMENT 'td的css样式',
  `tdrow` int(11) DEFAULT NULL COMMENT '第几行',
  `tdcol` int(11) DEFAULT NULL COMMENT '一行中的第几列',
  `tdshow` varchar(45) DEFAULT 'on',
  `formid` text,
  `getvalue` text,
  `condition` text,
  PRIMARY KEY (`idtable`),
  KEY `fk_table_ele_idx` (`idele`),
  CONSTRAINT `fk_table_ele` FOREIGN KEY (`idele`) REFERENCES `page_ele` (`idele`)
) ENGINE=InnoDB DEFAULT CHARSET=utf8 COMMENT='病历模板中的表格元素';
/*!40101 SET character_set_client = @saved_cs_client */;

--
-- Dumping data for table `page_table`
--

LOCK TABLES `page_table` WRITE;
/*!40000 ALTER TABLE `page_table` DISABLE KEYS */;
INSERT INTO `page_table` VALUES ('00a959ae-adee-4767-9555-33a95fe25e5b','7f5035b4-6001-497d-8dfc-e6b196388044',1,1,'td','&nbsp;',44,NULL,NULL,7,2,'on',NULL,'getvalue',NULL),('010b3fda-04a5-4b4a-ab51-a4acdebead2e','68d7748d-c627-4ce5-b9f9-c0c629ae3b01',1,1,'td','&nbsp;',41,NULL,NULL,9,6,'on',NULL,NULL,NULL),('01642741-5a9f-4664-9488-5d96e512f02e','a078baf1-6409-493e-92ca-c9fb602a688b',1,1,'td',' 妊娠疾病',6,NULL,NULL,3,0,'on',NULL,NULL,NULL),('0253c0c5-d3ea-4280-aaca-de7717aa0da6','69158506-d118-436d-996f-5f372d61e370',1,1,'td','&nbsp;',9,NULL,NULL,3,0,'on',NULL,NULL,NULL),('02e586b7-1216-49b2-ad49-bc4b2e9015ea','7f5035b4-6001-497d-8dfc-e6b196388044',1,1,'td','&nbsp;',5,NULL,NULL,0,5,'on','输入框','getvalue',NULL),('02ee12df-49c0-475b-838a-7dcab602654c','bf5ec34f-cdd6-4ff0-a6a0-6f582ace3da2',1,1,'td','&nbsp;',17,NULL,NULL,5,2,'on',NULL,NULL,NULL),('035d1ded-b160-4098-8f31-a3825a7619fd','7f5035b4-6001-497d-8dfc-e6b196388044',1,1,'td',' 22',7,NULL,NULL,1,1,'on',NULL,'getvalue',NULL),('03608286-8ed9-4717-895a-b31842f04f84','69158506-d118-436d-996f-5f372d61e370',1,1,'td','&nbsp;',4,NULL,NULL,1,1,'on',NULL,NULL,NULL),('04277ace-2bc5-4114-8f4d-15b24b97c0c0','68d7748d-c627-4ce5-b9f9-c0c629ae3b01',1,1,'td','&nbsp;',29,NULL,NULL,7,6,'on',NULL,NULL,NULL),('05e24455-2ea7-4ea2-86dd-9a8d71f8ae03','68d7748d-c627-4ce5-b9f9-c0c629ae3b01',1,1,'td','&nbsp;',55,NULL,NULL,12,1,'on',NULL,NULL,NULL),('063911b8-61bd-44a5-9cc0-a7437d66854b','4b3506bc-0873-46a1-a8d8-62e54f47cbd4',1,1,'td','&nbsp;',0,NULL,NULL,0,0,'on',NULL,NULL,NULL),('063f1fbe-adeb-4bd9-976d-fd6f8558308e','68d7748d-c627-4ce5-b9f9-c0c629ae3b01',1,1,'td','&nbsp;',-1,NULL,NULL,6,0,'on',NULL,NULL,NULL),('06a4c74b-a6d8-4b36-a0f8-0c2b23005352','d467fe47-cb23-4625-88bb-64e0c5e2ddac',1,1,'td','&nbsp;',24,NULL,NULL,8,0,'on',NULL,NULL,NULL),('06bfc832-abc2-42fa-b0fa-de18629df7ea','bf5ec34f-cdd6-4ff0-a6a0-6f582ace3da2',1,1,'td','&nbsp;',13,NULL,NULL,4,1,'on',NULL,NULL,NULL),('076dad03-055f-4bab-9789-6250d45326a0','c6e8c01b-3df9-4841-a154-2a568dfee8e3',1,1,'td','&nbsp;',15,NULL,NULL,2,3,'on',NULL,NULL,NULL),('085e3b34-1a21-4575-86b3-6fd97f7f1d75','d467fe47-cb23-4625-88bb-64e0c5e2ddac',1,1,'td','&nbsp;',2,NULL,NULL,0,2,'on',NULL,NULL,NULL),('08a5fc2d-de65-484e-8b1e-5dc15130b993','68d7748d-c627-4ce5-b9f9-c0c629ae3b01',1,1,'td','&nbsp;',-1,NULL,NULL,2,1,'on',NULL,NULL,NULL),('0a864ee3-9116-4f57-a53f-534d72c0e5c4','68d7748d-c627-4ce5-b9f9-c0c629ae3b01',1,1,'td','&nbsp;',-1,NULL,NULL,11,2,'on',NULL,NULL,NULL),('0bf6219b-e89b-4e00-aaca-248bfd392f1b','68d7748d-c627-4ce5-b9f9-c0c629ae3b01',1,1,'td','&nbsp;',15,NULL,NULL,4,3,'on',NULL,NULL,NULL),('0c13c045-75d9-47bb-a813-c408babae334','7f5035b4-6001-497d-8dfc-e6b196388044',1,1,'td','&nbsp;',39,NULL,NULL,6,3,'on',NULL,'getvalue',NULL),('0db4d4d3-36c6-407a-964a-2b4e50d6faa4','d467fe47-cb23-4625-88bb-64e0c5e2ddac',1,1,'td','&nbsp;',26,NULL,NULL,8,2,'on',NULL,NULL,NULL),('0e0bcb2f-47df-42b4-9d54-6949ede7866f','d467fe47-cb23-4625-88bb-64e0c5e2ddac',1,1,'td','&nbsp;',6,NULL,NULL,2,0,'on',NULL,NULL,NULL),('0f916fdd-5ae2-404b-a8c4-46fefbca2f5b','c6e8c01b-3df9-4841-a154-2a568dfee8e3',1,1,'td','&nbsp;',2,NULL,NULL,0,2,'on',NULL,NULL,NULL),('11155863-d23c-4c6c-9712-ac13477db213','7f5035b4-6001-497d-8dfc-e6b196388044',1,1,'td',' 44444',22,NULL,NULL,3,4,'on',NULL,'getvalue',NULL),('11cb4f94-78ee-440b-aa89-4c0c7238a839','68d7748d-c627-4ce5-b9f9-c0c629ae3b01',1,1,'td','&nbsp;',37,NULL,NULL,9,1,'on',NULL,NULL,NULL),('14481c3a-8fc9-41c5-a36c-194c7abbe5b8','989a5af8-12b0-4ccb-8086-21a3dd7d929e',1,1,'td','&nbsp;',12,NULL,NULL,1,2,'on',NULL,NULL,NULL),('14adbf1a-36a0-482a-9a75-60f7e3570342','bf5ec34f-cdd6-4ff0-a6a0-6f582ace3da2',1,1,'td','&nbsp;',5,NULL,NULL,1,2,'on',NULL,NULL,NULL),('15bed742-1cbb-4f59-a96a-cca593f660f8','989a5af8-12b0-4ccb-8086-21a3dd7d929e',1,1,'td','&nbsp;',4,NULL,NULL,0,4,'on',NULL,NULL,NULL),('166e148b-7cb1-4df6-86b5-c1c2fdc2405e','68d7748d-c627-4ce5-b9f9-c0c629ae3b01',1,1,'td','&nbsp;',-1,NULL,NULL,5,5,'on',NULL,NULL,NULL),('169ffff1-7e61-4622-a243-c7df2c14b6b2','68d7748d-c627-4ce5-b9f9-c0c629ae3b01',1,1,'td','&nbsp;',9,NULL,NULL,1,3,'on',NULL,NULL,NULL),('16a64de9-62d2-44ea-a75a-4e7ae0637a7e','68d7748d-c627-4ce5-b9f9-c0c629ae3b01',1,1,'td','&nbsp;',-1,NULL,NULL,5,1,'on',NULL,NULL,NULL),('17918583-9cfa-4816-adcd-019d5b59973b','68d7748d-c627-4ce5-b9f9-c0c629ae3b01',1,1,'td','&nbsp;',58,NULL,NULL,12,5,'on',NULL,NULL,NULL),('17d417fa-160b-45b4-a52c-e94dbf18b58b','bf5ec34f-cdd6-4ff0-a6a0-6f582ace3da2',1,1,'td','&nbsp;',8,NULL,NULL,2,2,'on',NULL,NULL,NULL),('1880a299-f98e-4395-a344-7007c502fb7e','68d7748d-c627-4ce5-b9f9-c0c629ae3b01',1,1,'td','&nbsp;',-1,NULL,NULL,2,3,'on',NULL,NULL,NULL),('189160ea-049c-4ae6-8180-977c091474ae','bf5ec34f-cdd6-4ff0-a6a0-6f582ace3da2',1,1,'td','&nbsp;',18,NULL,NULL,6,0,'on',NULL,NULL,NULL),('19b70070-5d0c-400c-a3f4-aaf76f51b253','68d7748d-c627-4ce5-b9f9-c0c629ae3b01',1,1,'td','&nbsp;',16,NULL,NULL,4,5,'on',NULL,NULL,NULL),('19fe8d7e-4fa1-4d78-8350-dae99babf7bd','69158506-d118-436d-996f-5f372d61e370',1,1,'td','&nbsp;',13,NULL,NULL,4,1,'on',NULL,NULL,NULL),('1b439499-a16c-4590-891c-fb4997ceab7d','bf5ec34f-cdd6-4ff0-a6a0-6f582ace3da2',1,1,'td','&nbsp;',24,NULL,NULL,8,0,'on',NULL,NULL,NULL),('1bfd3a54-40f9-440d-8616-2e30b971c515','7f5035b4-6001-497d-8dfc-e6b196388044',1,1,'td',' 2222',9,NULL,NULL,1,3,'on',NULL,'getvalue',NULL),('1c24458c-af6c-4e0c-862b-6b0f0bfdd868','a078baf1-6409-493e-92ca-c9fb602a688b',1,1,'td',' ■ 间隔6周2次以上的中度或者高度IgG和/或者IgM型抗体阳性，和',11,NULL,NULL,5,1,'on',NULL,NULL,NULL),('1c8124b1-cd51-476e-9bc9-4a8bc0b8b274','d467fe47-cb23-4625-88bb-64e0c5e2ddac',1,1,'td','&nbsp;',27,NULL,NULL,9,0,'on',NULL,NULL,NULL),('1d5f9dff-abed-4f60-9f29-b051fe498317','395e38ca-d779-4d08-868d-5aa73170c127',1,1,'td','&nbsp;',35,NULL,NULL,6,2,'on',NULL,NULL,NULL),('1d75bacd-2c25-4876-9f59-50eb48a579ad','395e38ca-d779-4d08-868d-5aa73170c127',1,1,'td','&nbsp;',30,NULL,NULL,5,1,'on','',NULL,NULL),('1db880cb-cc29-479c-a26c-2dc11353b2ed','7f5035b4-6001-497d-8dfc-e6b196388044',1,1,'td',' 3',12,NULL,NULL,2,0,'on',NULL,NULL,'radio==2'),('1dd79783-3e38-4e02-adb8-3fdaf2d717a5','68d7748d-c627-4ce5-b9f9-c0c629ae3b01',1,1,'td','&nbsp;',17,NULL,NULL,4,6,'on',NULL,NULL,NULL),('1e34d856-bcba-4588-bd3c-58deb0230977','bf5ec34f-cdd6-4ff0-a6a0-6f582ace3da2',1,1,'td','&nbsp;',25,NULL,NULL,8,1,'on',NULL,NULL,NULL),('21333ff3-6faa-440c-912d-063846378906','7f5035b4-6001-497d-8dfc-e6b196388044',1,1,'td','&nbsp;',59,NULL,NULL,9,5,'on',NULL,'getvalue',NULL),('21d50a48-9885-420b-87af-0f50d5c8ad83','bf5ec34f-cdd6-4ff0-a6a0-6f582ace3da2',1,1,'td','&nbsp;',15,NULL,NULL,5,0,'on',NULL,NULL,NULL),('22fe1b52-894b-43ad-a7d4-d0506596beb7','a078baf1-6409-493e-92ca-c9fb602a688b',1,1,'td',' 狼疮抗凝物',12,NULL,NULL,6,0,'on',NULL,NULL,NULL),('24508bd3-8be0-4fec-829c-fa57245c82de','c6e8c01b-3df9-4841-a154-2a568dfee8e3',1,1,'td','&nbsp;',7,NULL,NULL,1,1,'on',NULL,NULL,NULL),('2454ac4d-085c-4154-9f8e-1365345fd4f1','395e38ca-d779-4d08-868d-5aa73170c127',1,1,'td',' 包括镇痛药 / 阿片制剂，抗惊厥药，抗高血压 药，利尿剂，催眠药，泻剂，镇静剂，精神 类药品',27,NULL,NULL,4,2,'on',NULL,NULL,NULL),('24a8247f-57a6-4a2a-8402-a24c558fdba6','68d7748d-c627-4ce5-b9f9-c0c629ae3b01',1,1,'td','&nbsp;',-1,NULL,NULL,0,2,'on',NULL,NULL,NULL),('24c5557d-0767-4389-8c72-d273602be7af','4b3506bc-0873-46a1-a8d8-62e54f47cbd4',1,1,'td','&nbsp;',5,NULL,NULL,1,2,'on',NULL,NULL,NULL),('255ecb68-d9c0-450a-be78-eb67a051cce9','d467fe47-cb23-4625-88bb-64e0c5e2ddac',1,1,'td','&nbsp;',16,NULL,NULL,5,1,'on',NULL,NULL,NULL),('25cdb788-1d1d-44fe-9318-032653b0b13c','69158506-d118-436d-996f-5f372d61e370',1,1,'td','&nbsp;',19,NULL,NULL,6,1,'on',NULL,NULL,NULL),('2703e5d8-41be-4e2e-94e7-d978919f001d','c6e8c01b-3df9-4841-a154-2a568dfee8e3',1,1,'td','&nbsp;',6,NULL,NULL,1,0,'on',NULL,NULL,NULL),('271450e5-87bc-4d28-9f99-791c6cab6aa7','7f5035b4-6001-497d-8dfc-e6b196388044',1,1,'td','&nbsp;',38,NULL,NULL,6,2,'on',NULL,'getvalue',NULL),('2736b02f-527f-45f2-bff3-cb826622d650','d467fe47-cb23-4625-88bb-64e0c5e2ddac',1,1,'td','&nbsp;',29,NULL,NULL,9,2,'on',NULL,NULL,NULL),('28165de7-4726-4c06-86c5-8a2ca95a8b76','d467fe47-cb23-4625-88bb-64e0c5e2ddac',1,1,'td','&nbsp;',14,NULL,NULL,4,2,'on',NULL,NULL,NULL),('28cc1086-2ca9-4ef9-a94e-c9d139e489bf','c45db440-58f8-41c9-8cc1-d1545bb6d626',1,1,'td','&nbsp;',1,NULL,NULL,0,1,'on','time','getvalue',NULL),('2a28348d-13ed-4b3b-9987-c987de258f05','7f5035b4-6001-497d-8dfc-e6b196388044',1,1,'td',' 33333',16,NULL,NULL,2,4,'on',NULL,'getvalue',NULL),('2b8f4593-d9ef-4b87-8bce-85c985c7dd0f','989a5af8-12b0-4ccb-8086-21a3dd7d929e',1,1,'td','&nbsp;',24,NULL,NULL,2,4,'on',NULL,NULL,NULL),('2bec7bdb-0bcb-4ffa-bee9-e82242f1b622','68d7748d-c627-4ce5-b9f9-c0c629ae3b01',1,1,'td','&nbsp;',54,NULL,NULL,12,0,'on',NULL,NULL,NULL),('2f0b1f5a-bb52-417c-977d-bceb42525fbe','7f5035b4-6001-497d-8dfc-e6b196388044',1,1,'td','&nbsp;',35,NULL,NULL,5,5,'on',NULL,'getvalue',NULL),('2fee56c8-2697-4769-adfd-3494d101a77e','68d7748d-c627-4ce5-b9f9-c0c629ae3b01',1,1,'td','&nbsp;',-1,NULL,NULL,9,2,'on',NULL,NULL,NULL),('30800687-ef21-4b5b-8c22-2782bc802ace','d467fe47-cb23-4625-88bb-64e0c5e2ddac',1,1,'td','&nbsp;',20,NULL,NULL,6,2,'on',NULL,NULL,NULL),('3172ddf2-7419-48c5-bff3-f9263f00953c','7f5035b4-6001-497d-8dfc-e6b196388044',1,1,'td','&nbsp;',55,NULL,NULL,9,1,'on',NULL,'getvalue',NULL),('31ae62a3-dc9b-4465-8ed3-a13e0c1223b8','c6e8c01b-3df9-4841-a154-2a568dfee8e3',1,1,'td','&nbsp;',14,NULL,NULL,2,2,'on',NULL,NULL,NULL),('321629c6-40fa-4371-a1d7-6ffd402fac07','989a5af8-12b0-4ccb-8086-21a3dd7d929e',1,1,'td','&nbsp;',23,NULL,NULL,2,3,'on',NULL,NULL,NULL),('3358c23c-c072-4ad4-acb8-394d379f9cbe','395e38ca-d779-4d08-868d-5aa73170c127',1,1,'td','&nbsp;',23,NULL,NULL,3,2,'on',NULL,NULL,NULL),('35bd4809-82c6-461b-a33f-044e3247ff43','7f5035b4-6001-497d-8dfc-e6b196388044',1,1,'td','&nbsp;',42,NULL,NULL,7,0,'on',NULL,NULL,NULL),('35cb3182-15f0-4434-b0d8-ab4a2a0c827c','bf5ec34f-cdd6-4ff0-a6a0-6f582ace3da2',1,1,'td','&nbsp;',21,NULL,NULL,7,0,'on',NULL,NULL,NULL),('364055ca-cac8-4df0-9f33-ee541191cb07','69158506-d118-436d-996f-5f372d61e370',1,1,'td','&nbsp;',8,NULL,NULL,2,2,'on',NULL,NULL,NULL),('3641855b-7d6f-4fc6-a4b9-4476c66499f3','395e38ca-d779-4d08-868d-5aa73170c127',1,1,'td','参数',0,NULL,NULL,0,0,'on',NULL,NULL,NULL),('36f0350b-28dd-48a2-beda-34fee7275cbe','989a5af8-12b0-4ccb-8086-21a3dd7d929e',1,1,'td','&nbsp;',15,NULL,NULL,1,5,'on',NULL,NULL,NULL),('37ba81c0-e6e7-42da-b02e-6a76ea7adfa6','68d7748d-c627-4ce5-b9f9-c0c629ae3b01',1,1,'td','&nbsp;',-1,NULL,NULL,6,4,'on',NULL,NULL,NULL),('382beb00-2c4b-453f-a2c9-d55eda37c25f','68d7748d-c627-4ce5-b9f9-c0c629ae3b01',1,1,'td','&nbsp;',-1,NULL,NULL,7,4,'on',NULL,NULL,NULL),('38a75902-f869-4099-9502-e391f9885519','51e82569-f791-425e-aab1-40e4b74392b8',1,1,'td','&nbsp;',5,NULL,NULL,1,2,'on',NULL,NULL,NULL),('391d3e5e-f4d5-489a-851e-544347ccb711','989a5af8-12b0-4ccb-8086-21a3dd7d929e',1,1,'td','&nbsp;',1,NULL,NULL,0,1,'on',NULL,NULL,NULL),('3aeeaa3d-06e2-4c6f-9968-7c7a95a4fddb','51e82569-f791-425e-aab1-40e4b74392b8',1,1,'td','&nbsp;',4,NULL,NULL,1,1,'on',NULL,NULL,NULL),('3b1d7976-34c4-49e3-ac4c-0cc51eef775e','4b3506bc-0873-46a1-a8d8-62e54f47cbd4',1,1,'td','&nbsp;',1,NULL,NULL,0,1,'on',NULL,NULL,NULL),('3b21c571-e12b-4516-8e23-4afc7b582b93','7f5035b4-6001-497d-8dfc-e6b196388044',1,1,'td','&nbsp;',40,NULL,NULL,6,4,'on',NULL,'getvalue',NULL),('3bd0681d-7f5f-4de3-95f5-d662a55c3072','68d7748d-c627-4ce5-b9f9-c0c629ae3b01',1,1,'td','&nbsp;',59,NULL,NULL,12,6,'on',NULL,NULL,NULL),('3be56f3f-b3d3-4424-84bf-b9f6008d66f0','68d7748d-c627-4ce5-b9f9-c0c629ae3b01',1,1,'td','&nbsp;',51,NULL,NULL,11,3,'on',NULL,NULL,NULL),('3bfdbc35-6ab9-427e-8215-d2b97d74e274','68d7748d-c627-4ce5-b9f9-c0c629ae3b01',1,1,'td','&nbsp;',5,NULL,NULL,0,6,'on',NULL,NULL,NULL),('3c7fdde0-6d15-4191-b581-145a86e3e01c','69158506-d118-436d-996f-5f372d61e370',1,1,'td','&nbsp;',6,NULL,NULL,2,0,'on',NULL,NULL,NULL),('3ca30b8d-a3c0-45d6-9db1-9b81ba2e5f11','c45db440-58f8-41c9-8cc1-d1545bb6d626',1,1,'td','&nbsp;',7,NULL,NULL,1,1,'on','code','getvalue',NULL),('3d13877a-556c-414a-b19b-51973c0cc063','bf5ec34f-cdd6-4ff0-a6a0-6f582ace3da2',1,1,'td','&nbsp;',22,NULL,NULL,7,1,'on',NULL,NULL,NULL),('3d804272-56aa-4398-96b6-02273e9aa93d','68d7748d-c627-4ce5-b9f9-c0c629ae3b01',1,1,'td','&nbsp;',35,NULL,NULL,8,6,'on',NULL,NULL,NULL),('3d81aab7-ff24-4162-8c33-67ae0b4841a3','7f5035b4-6001-497d-8dfc-e6b196388044',1,1,'td',' 1111',2,NULL,NULL,0,2,'on',NULL,'getvalue',NULL),('3d9e5986-76b5-473d-ab7e-4818e39bb2d6','69158506-d118-436d-996f-5f372d61e370',1,1,'td','&nbsp;',29,NULL,NULL,9,2,'on',NULL,NULL,NULL),('3de49c1b-eb99-4411-8d6d-dcaa03883d58','7f5035b4-6001-497d-8dfc-e6b196388044',1,1,'td','&nbsp;',51,NULL,NULL,8,3,'on',NULL,'getvalue',NULL),('3e1f12a7-05be-4af0-a2e5-5724c2f2db22','d467fe47-cb23-4625-88bb-64e0c5e2ddac',1,1,'td','&nbsp;',13,NULL,NULL,4,1,'on',NULL,NULL,NULL),('3e660774-0df7-4036-ad0e-c1a324e49dc9','bf5ec34f-cdd6-4ff0-a6a0-6f582ace3da2',2,2,'td',' ',3,NULL,NULL,1,0,'on','',NULL,NULL),('3fc3ba70-759f-4938-8e36-6a6e89d53ec9','bf5ec34f-cdd6-4ff0-a6a0-6f582ace3da2',1,1,'td','&nbsp;',10,NULL,NULL,3,1,'on',NULL,NULL,NULL),('40704568-9948-423f-955a-d74039a32edd','d467fe47-cb23-4625-88bb-64e0c5e2ddac',1,1,'td','&nbsp;',15,NULL,NULL,5,0,'on',NULL,NULL,NULL),('410d1990-3266-405a-b46e-1c39b2e5dd54','c6e8c01b-3df9-4841-a154-2a568dfee8e3',1,1,'td','&nbsp;',0,NULL,NULL,0,0,'on',NULL,NULL,NULL),('41eddf63-5279-4cec-81b3-dfa31f2b9230','395e38ca-d779-4d08-868d-5aa73170c127',1,1,'td',' 跌倒史',16,NULL,NULL,2,0,'on',NULL,NULL,NULL),('41eef6da-60bc-4aab-893f-77a6aa198137','395e38ca-d779-4d08-868d-5aa73170c127',1,1,'td','&nbsp;',34,NULL,NULL,6,1,'on','move3,,move1,move',NULL,NULL),('42077fa3-5b14-4174-b527-7b149beb6f1e','68d7748d-c627-4ce5-b9f9-c0c629ae3b01',1,1,'td','&nbsp;',-1,NULL,NULL,10,4,'on',NULL,NULL,NULL),('432b9c59-d34b-4e54-ad66-fef4f31b37af','d467fe47-cb23-4625-88bb-64e0c5e2ddac',1,1,'td','&nbsp;',11,NULL,NULL,3,2,'on',NULL,NULL,NULL),('43dd2e89-bef6-416e-98ab-8a92ee96da78','d467fe47-cb23-4625-88bb-64e0c5e2ddac',1,1,'td','&nbsp;',18,NULL,NULL,6,0,'on',NULL,NULL,NULL),('44f7b6dc-05ef-43eb-9644-1ff54b06a91a','69158506-d118-436d-996f-5f372d61e370',1,1,'td','&nbsp;',28,NULL,NULL,9,1,'on',NULL,NULL,NULL),('48053079-637b-406a-ae7c-f645ed12a2b0','68d7748d-c627-4ce5-b9f9-c0c629ae3b01',1,1,'td','&nbsp;',-1,NULL,NULL,2,4,'on',NULL,NULL,NULL),('48053119-790f-4bf3-84e5-f559c3103744','395e38ca-d779-4d08-868d-5aa73170c127',1,1,'td',' 药物',24,NULL,NULL,4,0,'on',NULL,NULL,NULL),('4898bbb4-0289-4d38-ae02-c6ca048527f6','d467fe47-cb23-4625-88bb-64e0c5e2ddac',1,1,'td','&nbsp;',5,NULL,NULL,1,2,'on',NULL,NULL,NULL),('49380f5b-6a97-429f-a30c-21f924d2e595','68d7748d-c627-4ce5-b9f9-c0c629ae3b01',1,1,'td','&nbsp;',34,NULL,NULL,8,5,'on',NULL,NULL,NULL),('4a47353f-916b-47dd-9f53-aa0dbad3aa08','7f5035b4-6001-497d-8dfc-e6b196388044',1,1,'td',' 333',14,NULL,NULL,2,2,'on',NULL,'getvalue',NULL),('4a6e82f5-1bcb-4a74-b53d-7e17d3edd6dd','bf5ec34f-cdd6-4ff0-a6a0-6f582ace3da2',1,1,'td',' ',7,NULL,NULL,2,1,'off','',NULL,NULL),('4ba1358f-ca72-426c-992a-f3e66c420dd9','7f5035b4-6001-497d-8dfc-e6b196388044',1,1,'td','&nbsp;',17,NULL,NULL,2,5,'on','单选框','getvalue',NULL),('4bb3c476-eafa-4092-be46-1a294d7649a2','d467fe47-cb23-4625-88bb-64e0c5e2ddac',1,1,'td','&nbsp;',25,NULL,NULL,8,1,'on',NULL,NULL,NULL),('4c36100c-066d-4aab-b6b2-b86cdce95550','7f5035b4-6001-497d-8dfc-e6b196388044',1,1,'td','&nbsp;',50,NULL,NULL,8,2,'on',NULL,'getvalue',NULL),('4cf0e47a-93b9-4d6f-8781-42b456a0c0dd','c6e8c01b-3df9-4841-a154-2a568dfee8e3',1,1,'td','&nbsp;',8,NULL,NULL,1,2,'on',NULL,NULL,NULL),('4d84b7b7-63c7-4f42-8215-9d6578216e13','7f5035b4-6001-497d-8dfc-e6b196388044',1,1,'td','&nbsp;',23,NULL,NULL,3,5,'on','多选','getvalue',NULL),('4e063ee8-a126-4fea-b1a7-ab0418a54c74','d467fe47-cb23-4625-88bb-64e0c5e2ddac',1,1,'td','&nbsp;',23,NULL,NULL,7,2,'on',NULL,NULL,NULL),('4eb9efb1-7350-49b9-9087-1444aa5e75ee','69158506-d118-436d-996f-5f372d61e370',1,1,'td','&nbsp;',16,NULL,NULL,5,1,'on',NULL,NULL,NULL),('4ed1a67a-74d6-4b2c-aeb1-5f8d779ac928','69158506-d118-436d-996f-5f372d61e370',1,1,'td','&nbsp;',22,NULL,NULL,7,1,'on',NULL,NULL,NULL),('4ee5335d-f712-4ef3-9ebb-5b508802e974','51e82569-f791-425e-aab1-40e4b74392b8',1,1,'td',' 显示文字',0,NULL,NULL,0,0,'on',NULL,NULL,NULL),('4f3249b4-046d-4511-876d-836896c23d98','c45db440-58f8-41c9-8cc1-d1545bb6d626',1,1,'td',' 2、签名是否完整',6,NULL,NULL,1,0,'on',NULL,NULL,'code!=0'),('4f3b3d97-90bf-4f03-8a1b-3af431c86d61','68d7748d-c627-4ce5-b9f9-c0c629ae3b01',1,1,'td','&nbsp;',46,NULL,NULL,10,5,'on',NULL,NULL,NULL),('504c1dc7-ce2d-4e8f-9403-ecc164b63017','7f5035b4-6001-497d-8dfc-e6b196388044',1,1,'td',' 1',0,NULL,NULL,0,0,'on',NULL,NULL,'input!=null'),('516034fe-43eb-4346-a2e1-b58b58a2bebb','395e38ca-d779-4d08-868d-5aa73170c127',1,1,'td',' 认知',36,NULL,NULL,7,0,'on',NULL,NULL,NULL),('5341ce31-b286-48f7-bdfa-fb19f299d5b8','7f5035b4-6001-497d-8dfc-e6b196388044',1,1,'td',' 5',24,NULL,NULL,4,0,'on',NULL,NULL,'textarea!=null'),('534e2e29-884d-45d4-bcc4-7aae0c245542','989a5af8-12b0-4ccb-8086-21a3dd7d929e',1,1,'td','&nbsp;',17,NULL,NULL,1,7,'on',NULL,NULL,NULL),('53f22ec2-eb13-436a-b846-c79a42627ef2','395e38ca-d779-4d08-868d-5aa73170c127',1,1,'td',' 患者所用的管路设备（例如静脉输液，胸腔 引流管，心脏导管，导线等等）',31,NULL,NULL,5,2,'on',NULL,NULL,NULL),('56f3f71b-c96b-40cc-8cfa-f4b07c2aa6b7','d467fe47-cb23-4625-88bb-64e0c5e2ddac',1,1,'td','&nbsp;',7,NULL,NULL,2,1,'on',NULL,NULL,NULL),('57087fcc-cfe8-45f3-9be1-a1710c45675f','68d7748d-c627-4ce5-b9f9-c0c629ae3b01',1,1,'td','&nbsp;',7,NULL,NULL,1,1,'on',NULL,NULL,NULL),('571164c0-d033-42bb-a345-4e0456a0fb6b','7f5035b4-6001-497d-8dfc-e6b196388044',1,1,'td',' 11111',3,NULL,NULL,0,3,'on',NULL,'getvalue',NULL),('57225605-88e0-424d-bdf5-ac03f8d2a760','69158506-d118-436d-996f-5f372d61e370',1,1,'td','&nbsp;',10,NULL,NULL,3,1,'on',NULL,NULL,NULL),('581edb7e-fd52-44cd-848e-204acb81bea1','7f5035b4-6001-497d-8dfc-e6b196388044',1,1,'td',' 22222',10,NULL,NULL,1,4,'on',NULL,'getvalue',NULL),('58310f98-888e-40ff-810a-3e1294ca401d','4b3506bc-0873-46a1-a8d8-62e54f47cbd4',1,1,'td','&nbsp;',4,NULL,NULL,1,1,'on',NULL,NULL,NULL),('5970f427-abbc-48b4-8263-260033f45ab9','bf5ec34f-cdd6-4ff0-a6a0-6f582ace3da2',1,1,'td','&nbsp;',27,NULL,NULL,9,0,'on',NULL,NULL,NULL),('5a41e06f-018c-418b-8ef5-91e2b7a6d798','68d7748d-c627-4ce5-b9f9-c0c629ae3b01',1,1,'td','&nbsp;',36,NULL,NULL,9,0,'on',NULL,NULL,NULL),('5b5368f6-0461-4b33-8366-73fd22faa2c5','68d7748d-c627-4ce5-b9f9-c0c629ae3b01',1,1,'td','&nbsp;',43,NULL,NULL,10,1,'on',NULL,NULL,NULL),('5c3f8fb3-3b95-45e2-be77-252ea793b15d','395e38ca-d779-4d08-868d-5aa73170c127',1,1,'td','移动性',32,NULL,NULL,6,0,'on',NULL,NULL,NULL),('5cf5cbe5-5119-4753-b8da-b4608788961d','4b3506bc-0873-46a1-a8d8-62e54f47cbd4',1,1,'td','&nbsp;',8,NULL,NULL,2,2,'on',NULL,NULL,NULL),('5d36a035-4214-4a36-bfb0-a63e39c4f210','68d7748d-c627-4ce5-b9f9-c0c629ae3b01',1,1,'td','&nbsp;',12,NULL,NULL,4,0,'on',NULL,NULL,NULL),('5eb74276-04f4-451d-8ff1-e2cfe4adcecf','68d7748d-c627-4ce5-b9f9-c0c629ae3b01',1,1,'td','&nbsp;',-1,NULL,NULL,3,0,'on',NULL,NULL,NULL),('5ef9821b-6ec2-4e6a-900f-43ed5031a50e','989a5af8-12b0-4ccb-8086-21a3dd7d929e',1,1,'td','&nbsp;',10,NULL,NULL,1,0,'on',NULL,NULL,NULL),('5f0fbaf2-3cf8-4a54-9d7d-e9efe6b2d124','bf5ec34f-cdd6-4ff0-a6a0-6f582ace3da2',1,1,'td','&nbsp;',1,NULL,NULL,0,1,'on',NULL,NULL,NULL),('5f8be97f-1721-4b0e-81cf-79d92720f747','68d7748d-c627-4ce5-b9f9-c0c629ae3b01',1,1,'td','&nbsp;',-1,NULL,NULL,1,4,'on',NULL,NULL,NULL),('6011e7b6-a06a-4730-9e08-0d257930922b','7f5035b4-6001-497d-8dfc-e6b196388044',1,1,'td','&nbsp;',48,NULL,NULL,8,0,'on',NULL,NULL,NULL),('60737eca-0976-413a-9662-54b94ed5c6aa','d467fe47-cb23-4625-88bb-64e0c5e2ddac',1,1,'td','&nbsp;',3,NULL,NULL,1,0,'on',NULL,NULL,NULL),('610ec4f2-5fbf-43de-bf32-4f654770ffc4','7f5035b4-6001-497d-8dfc-e6b196388044',1,1,'td','&nbsp;',31,NULL,NULL,5,1,'on',NULL,'getvalue',NULL),('611e9f5f-8c54-4c76-9691-97fe7c65887c','68d7748d-c627-4ce5-b9f9-c0c629ae3b01',1,1,'td','&nbsp;',-1,NULL,NULL,1,2,'on',NULL,NULL,NULL),('615c5971-9c83-4655-8fa8-ceb32c322faa','bf5ec34f-cdd6-4ff0-a6a0-6f582ace3da2',1,1,'td',' ',4,NULL,NULL,1,1,'off','',NULL,NULL),('6257b342-9bc0-407e-a50b-7b1c0b0505e6','68d7748d-c627-4ce5-b9f9-c0c629ae3b01',1,1,'td','&nbsp;',-1,NULL,NULL,6,6,'on',NULL,NULL,NULL),('63ac99b0-a472-4107-ab98-3397524b17e5','68d7748d-c627-4ce5-b9f9-c0c629ae3b01',1,1,'td','&nbsp;',-1,NULL,NULL,3,6,'on',NULL,NULL,NULL),('63d79649-faec-45e2-97dc-bee362c7d61e','a078baf1-6409-493e-92ca-c9fb602a688b',1,1,'td',' ■ ELISA方法检测出的β2GP1依赖的抗心磷脂抗体阳性，和■ 间隔6周2次以上检出',13,NULL,NULL,6,1,'on',NULL,NULL,NULL),('6409ea53-310a-40e6-86cc-148e80e09a41','7f5035b4-6001-497d-8dfc-e6b196388044',1,1,'td','33',13,NULL,NULL,2,1,'on',NULL,'getvalue',NULL),('641eccd3-764d-4028-9edd-1ba69e0c7013','395e38ca-d779-4d08-868d-5aa73170c127',1,1,'td','&nbsp;',38,NULL,NULL,7,1,'on','cognize3,cognize2,cognize2,cognize1',NULL,NULL),('6445f0b0-4907-4c38-8a4a-b32fdf2c9359','51e82569-f791-425e-aab1-40e4b74392b8',1,1,'td','&nbsp;',8,NULL,NULL,2,2,'on',NULL,NULL,NULL),('646a7ac7-ac69-424e-9706-bc0a7b68a1c2','bf5ec34f-cdd6-4ff0-a6a0-6f582ace3da2',1,1,'td','&nbsp;',29,NULL,NULL,9,2,'on',NULL,NULL,NULL),('64d2cbaf-3ee1-4978-b8e8-87f2336a6109','d467fe47-cb23-4625-88bb-64e0c5e2ddac',1,1,'td','&nbsp;',17,NULL,NULL,5,2,'on',NULL,NULL,NULL),('64d8d689-7640-42a9-baac-0ba07c36eb50','68d7748d-c627-4ce5-b9f9-c0c629ae3b01',1,1,'td','&nbsp;',-1,NULL,NULL,3,1,'on',NULL,NULL,NULL),('6755018e-144d-4182-98d5-96cf51e09476','bf5ec34f-cdd6-4ff0-a6a0-6f582ace3da2',1,1,'td','&nbsp;',0,NULL,NULL,0,0,'on',NULL,NULL,NULL),('67cf0c7b-dc0d-4845-b745-e6fa09168a31','68d7748d-c627-4ce5-b9f9-c0c629ae3b01',1,1,'td','&nbsp;',1,NULL,NULL,0,1,'on',NULL,NULL,NULL),('68075578-c9b1-4614-b2e3-8b746d13520b','a078baf1-6409-493e-92ca-c9fb602a688b',2,1,'td','临床',2,NULL,NULL,1,0,'on','',NULL,NULL),('69038131-f48e-4f59-8126-7ec143c97965','989a5af8-12b0-4ccb-8086-21a3dd7d929e',1,1,'td','&nbsp;',0,NULL,NULL,0,0,'on',NULL,NULL,NULL),('6912864e-87fc-4786-9abd-6f122c6b1aba','68d7748d-c627-4ce5-b9f9-c0c629ae3b01',1,1,'td','&nbsp;',-1,NULL,NULL,8,4,'on',NULL,NULL,NULL),('69326e13-c44a-4cee-92b8-482230c9b680','68d7748d-c627-4ce5-b9f9-c0c629ae3b01',1,1,'td','&nbsp;',-1,NULL,NULL,3,5,'on',NULL,NULL,NULL),('6a495891-0093-4900-8224-024a077cc067','69158506-d118-436d-996f-5f372d61e370',1,1,'td','&nbsp;',0,NULL,NULL,0,0,'on',NULL,NULL,NULL),('6a5c7825-9b40-42ad-a635-c0383b1cf75b','bf5ec34f-cdd6-4ff0-a6a0-6f582ace3da2',1,1,'td','&nbsp;',9,NULL,NULL,3,0,'on',NULL,NULL,NULL),('6a68773e-1490-4901-8654-6fbb9f4f897f','7f5035b4-6001-497d-8dfc-e6b196388044',1,1,'td','&nbsp;',32,NULL,NULL,5,2,'on',NULL,'getvalue',NULL),('6a8bc160-f32f-4090-84d2-4f754c853dd4','68d7748d-c627-4ce5-b9f9-c0c629ae3b01',1,1,'td','&nbsp;',-1,NULL,NULL,2,6,'on',NULL,NULL,NULL),('6c3e80ba-2e93-4ef3-86df-61bc68dce3c8','69158506-d118-436d-996f-5f372d61e370',1,1,'td','&nbsp;',1,NULL,NULL,0,1,'on',NULL,NULL,NULL),('6c4f9059-a81a-43c5-bde7-b48c7147a0c7','bf5ec34f-cdd6-4ff0-a6a0-6f582ace3da2',1,1,'td','&nbsp;',19,NULL,NULL,6,1,'on',NULL,NULL,NULL),('6d46e33c-f7bf-469e-8ce5-e01843b0ae7c','7f5035b4-6001-497d-8dfc-e6b196388044',1,1,'td','&nbsp;',29,NULL,NULL,4,5,'on','文本域','getvalue',NULL),('6d5a04b9-5dbd-46fe-ae8b-b99f1f0dbd4d','68d7748d-c627-4ce5-b9f9-c0c629ae3b01',1,1,'td','&nbsp;',-1,NULL,NULL,3,4,'on',NULL,NULL,NULL),('6eb7ae24-e011-4e0d-8c39-1a91d78dbbff','69158506-d118-436d-996f-5f372d61e370',1,1,'td','&nbsp;',5,NULL,NULL,1,2,'on',NULL,NULL,NULL),('7024e83d-429c-4906-bdf8-977ca5efd48b','69158506-d118-436d-996f-5f372d61e370',1,1,'td','&nbsp;',12,NULL,NULL,4,0,'on',NULL,NULL,NULL),('70c8bdce-bdd8-4136-82a6-be0a252d501f','989a5af8-12b0-4ccb-8086-21a3dd7d929e',1,1,'td','&nbsp;',3,NULL,NULL,0,3,'on',NULL,NULL,NULL),('71c9bc76-dbc4-4805-b29f-378d1db60a52','68d7748d-c627-4ce5-b9f9-c0c629ae3b01',1,1,'td','&nbsp;',-1,NULL,NULL,2,5,'on',NULL,NULL,NULL),('729b6f45-7594-4963-a733-863a6c96b986','68d7748d-c627-4ce5-b9f9-c0c629ae3b01',1,1,'td','&nbsp;',4,NULL,NULL,0,5,'on',NULL,NULL,NULL),('7384c83e-dd06-4b17-9ef4-4ff9f6c117ad','a078baf1-6409-493e-92ca-c9fb602a688b',1,1,'td',' ■ 妊娠10周后不明原因的解剖结构正常胎儿死亡，或者\n■ 妊娠34周前由于子痫，先兆子痫或者台班功能不全所致的解剖结构正常胎儿的早产，或者\n■ 除外解剖，遗传或者激素因素，连续3次以上的流产',7,NULL,NULL,3,1,'on',NULL,NULL,NULL),('7393ed33-7e87-4a68-8cb1-cd66c1d22a22','68d7748d-c627-4ce5-b9f9-c0c629ae3b01',1,1,'td','&nbsp;',52,NULL,NULL,11,5,'on',NULL,NULL,NULL),('74bb7d66-0322-422d-90bb-02f9c47c4929','395e38ca-d779-4d08-868d-5aa73170c127',1,1,'td','&nbsp;',22,NULL,NULL,3,1,'on','exception',NULL,NULL),('768ad53e-98dd-4f6f-bd21-5c1e7e3355f8','c6e8c01b-3df9-4841-a154-2a568dfee8e3',1,1,'td','&nbsp;',3,NULL,NULL,0,3,'on',NULL,NULL,NULL),('779eb1cf-99a7-4f60-b3e7-9ab0441f4c8b','a078baf1-6409-493e-92ca-c9fb602a688b',1,1,'td',' 标准',1,NULL,NULL,0,1,'on',NULL,NULL,NULL),('77bd9aab-4e03-4bd7-9967-b05d54dc903f','68d7748d-c627-4ce5-b9f9-c0c629ae3b01',1,1,'td','&nbsp;',11,NULL,NULL,1,6,'on',NULL,NULL,NULL),('781f7f3b-d032-49b6-8daa-d5d83217b952','68d7748d-c627-4ce5-b9f9-c0c629ae3b01',1,1,'td','&nbsp;',45,NULL,NULL,10,3,'on',NULL,NULL,NULL),('786ee472-95a7-46a7-9933-8d5482fb6272','68d7748d-c627-4ce5-b9f9-c0c629ae3b01',1,1,'td','&nbsp;',47,NULL,NULL,10,6,'on',NULL,NULL,NULL),('78d3acf4-f1f8-40ec-a01c-3504d663aeca','69158506-d118-436d-996f-5f372d61e370',1,1,'td','&nbsp;',20,NULL,NULL,6,2,'on',NULL,NULL,NULL),('793ed064-5a5c-417d-9519-838a465e328a','69158506-d118-436d-996f-5f372d61e370',1,1,'td','&nbsp;',17,NULL,NULL,5,2,'on',NULL,NULL,NULL),('794e5e3a-5a60-4aca-9996-505930b68759','68d7748d-c627-4ce5-b9f9-c0c629ae3b01',1,1,'td','&nbsp;',-1,NULL,NULL,5,2,'on',NULL,NULL,NULL),('797f658d-4b3a-41ec-b026-ecf979bd3d4f','68d7748d-c627-4ce5-b9f9-c0c629ae3b01',1,1,'td','&nbsp;',0,NULL,NULL,0,0,'on',NULL,NULL,NULL),('7a45d74d-bbf4-43a1-b00f-e2ee020cb66a','c6e8c01b-3df9-4841-a154-2a568dfee8e3',1,1,'td','&nbsp;',9,NULL,NULL,1,3,'on',NULL,NULL,NULL),('7ebed651-b77c-4a14-941b-4185de4db881','68d7748d-c627-4ce5-b9f9-c0c629ae3b01',1,1,'td','&nbsp;',13,NULL,NULL,4,1,'on',NULL,NULL,NULL),('8011915f-2aa5-460b-97c6-d1ae8b282138','c6e8c01b-3df9-4841-a154-2a568dfee8e3',1,1,'td','&nbsp;',5,NULL,NULL,0,5,'on',NULL,NULL,NULL),('80e27bb7-00dc-47af-8561-5dd548706691','68d7748d-c627-4ce5-b9f9-c0c629ae3b01',1,1,'td','&nbsp;',31,NULL,NULL,8,1,'on',NULL,NULL,NULL),('8246ccc2-067d-4fa7-b68f-6f57b1d2e246','4b3506bc-0873-46a1-a8d8-62e54f47cbd4',1,1,'td','&nbsp;',6,NULL,NULL,2,0,'on',NULL,NULL,NULL),('8261f7fe-7661-4d62-9e5c-41ef978a3742','68d7748d-c627-4ce5-b9f9-c0c629ae3b01',1,1,'td','&nbsp;',-1,NULL,NULL,10,2,'on',NULL,NULL,NULL),('8264c3bc-be85-45a8-8b65-6c59d6f29bdf','bf5ec34f-cdd6-4ff0-a6a0-6f582ace3da2',1,1,'td','&nbsp;',23,NULL,NULL,7,2,'on',NULL,NULL,NULL),('82f51b6a-5b50-4447-8fc1-e7e596d199c4','bf5ec34f-cdd6-4ff0-a6a0-6f582ace3da2',1,1,'td','&nbsp;',20,NULL,NULL,6,2,'on',NULL,NULL,NULL),('838c5acd-55a5-43fd-a126-59d7f1025b0c','7f5035b4-6001-497d-8dfc-e6b196388044',1,1,'td','&nbsp;',36,NULL,NULL,6,0,'on',NULL,NULL,NULL),('845fc706-dcd6-451d-865c-98efee148728','68d7748d-c627-4ce5-b9f9-c0c629ae3b01',1,1,'td','&nbsp;',-1,NULL,NULL,9,4,'on',NULL,NULL,NULL),('849aa64b-6fe7-4e87-9de8-c56907ac35e7','7f5035b4-6001-497d-8dfc-e6b196388044',1,1,'td',' 222',8,NULL,NULL,1,2,'on',NULL,'getvalue',NULL),('853e8b7e-3917-4f8e-9b66-2f7039ad064c','7f5035b4-6001-497d-8dfc-e6b196388044',1,1,'td','&nbsp;',57,NULL,NULL,9,3,'on',NULL,'getvalue',NULL),('85cee2f5-5a0a-4b69-91ac-bbda7e88825a','989a5af8-12b0-4ccb-8086-21a3dd7d929e',1,1,'td','&nbsp;',29,NULL,NULL,2,9,'on',NULL,NULL,NULL),('861ab929-7d2b-43e3-b21e-f2402c9223a0','69158506-d118-436d-996f-5f372d61e370',1,1,'td','&nbsp;',7,NULL,NULL,2,1,'on',NULL,NULL,NULL),('86f9b6f7-4c8f-449a-b8d9-8259118bac57','7f5035b4-6001-497d-8dfc-e6b196388044',1,1,'td',' 55555',28,NULL,NULL,4,4,'on',NULL,'getvalue',NULL),('89922091-a628-4f40-85a9-af529b0391c5','69158506-d118-436d-996f-5f372d61e370',1,1,'td','&nbsp;',26,NULL,NULL,8,2,'on',NULL,NULL,NULL),('8bef7529-4232-4195-b3ae-8b6290a8beee','68d7748d-c627-4ce5-b9f9-c0c629ae3b01',1,1,'td','&nbsp;',49,NULL,NULL,11,1,'on',NULL,NULL,NULL),('8c33d37b-2910-4052-8324-93ab16fe67ef','d467fe47-cb23-4625-88bb-64e0c5e2ddac',1,1,'td','&nbsp;',12,NULL,NULL,4,0,'on',NULL,NULL,NULL),('8cb0859f-8c7c-4c6f-a998-d72e022659f1','7f5035b4-6001-497d-8dfc-e6b196388044',1,1,'td','&nbsp;',37,NULL,NULL,6,1,'on',NULL,'getvalue',NULL),('8e0eab65-7d66-450e-8ca8-46f27ae1a6fa','395e38ca-d779-4d08-868d-5aa73170c127',1,1,'td','年龄',4,NULL,NULL,1,0,'on',NULL,NULL,NULL),('8f1c3c8c-da83-45e5-bf24-585834177788','7f5035b4-6001-497d-8dfc-e6b196388044',1,1,'td',' 4',18,NULL,NULL,3,0,'on',NULL,NULL,'checkbox==2'),('8f562f3f-f0b3-4275-a14c-c2477f170500','989a5af8-12b0-4ccb-8086-21a3dd7d929e',1,1,'td','&nbsp;',13,NULL,NULL,1,3,'on',NULL,NULL,NULL),('8f5ddff1-d6f4-495b-8284-d0e09c51a67a','c6e8c01b-3df9-4841-a154-2a568dfee8e3',1,1,'td','&nbsp;',4,NULL,NULL,0,4,'on',NULL,NULL,NULL),('8f882cc7-e5fc-4c18-ac9c-8b6cde938982','d467fe47-cb23-4625-88bb-64e0c5e2ddac',1,1,'td','&nbsp;',9,NULL,NULL,3,0,'on',NULL,NULL,NULL),('8fc8a10f-7f71-49f3-a0e1-cbfefc72d3e0','7f5035b4-6001-497d-8dfc-e6b196388044',1,1,'td',' 55',25,NULL,NULL,4,1,'on',NULL,'getvalue',NULL),('9106d041-9b01-420c-aab6-c72d5058b3e0','989a5af8-12b0-4ccb-8086-21a3dd7d929e',1,1,'td','&nbsp;',20,NULL,NULL,2,0,'on',NULL,NULL,NULL),('912339ad-b812-4c07-a5dd-03ee97684308','68d7748d-c627-4ce5-b9f9-c0c629ae3b01',1,1,'td','&nbsp;',-1,NULL,NULL,5,4,'on',NULL,NULL,NULL),('9252ebb2-0040-4cd1-81ed-e1587b3f1874','68d7748d-c627-4ce5-b9f9-c0c629ae3b01',1,1,'td','&nbsp;',-1,NULL,NULL,6,1,'on',NULL,NULL,NULL),('92545507-07ac-4dff-b920-eb4b3578435f','51e82569-f791-425e-aab1-40e4b74392b8',1,1,'td','&nbsp;',2,NULL,NULL,0,2,'on','',NULL,NULL),('9282197a-1eaa-4785-8b57-94c8005f3ca0','395e38ca-d779-4d08-868d-5aa73170c127',1,1,'td','&nbsp;',7,NULL,NULL,1,2,'on',NULL,NULL,NULL),('928e7159-e6bc-408a-a318-5363bf994c4c','7f5035b4-6001-497d-8dfc-e6b196388044',1,1,'td','&nbsp;',52,NULL,NULL,8,4,'on',NULL,'getvalue',NULL),('93257b1e-f5c1-4785-9888-ef702cd64ebf','69158506-d118-436d-996f-5f372d61e370',1,1,'td','&nbsp;',25,NULL,NULL,8,1,'on',NULL,NULL,NULL),('937cd9c5-25ef-4fa5-b52d-f96024b7ac4f','c6e8c01b-3df9-4841-a154-2a568dfee8e3',1,1,'td','&nbsp;',17,NULL,NULL,2,5,'on',NULL,NULL,NULL),('93facc99-511e-4d6e-bf21-fc0bc5959b8c','989a5af8-12b0-4ccb-8086-21a3dd7d929e',1,1,'td','&nbsp;',27,NULL,NULL,2,7,'on',NULL,NULL,NULL),('9417a923-7d1d-4a56-a1e4-2535306862ac','989a5af8-12b0-4ccb-8086-21a3dd7d929e',1,1,'td','&nbsp;',14,NULL,NULL,1,4,'on',NULL,NULL,NULL),('96153f12-21c6-4068-bb16-561f06769456','bf5ec34f-cdd6-4ff0-a6a0-6f582ace3da2',1,1,'td','&nbsp;',28,NULL,NULL,9,1,'on',NULL,NULL,NULL),('96b7a9fe-51c8-43e4-bd55-1ac449523725','7f5035b4-6001-497d-8dfc-e6b196388044',1,1,'td','&nbsp;',41,NULL,NULL,6,5,'on',NULL,'getvalue',NULL),('9832014b-2312-4a62-9cf7-e906baea99b0','68d7748d-c627-4ce5-b9f9-c0c629ae3b01',1,1,'td','&nbsp;',-1,NULL,NULL,2,2,'on',NULL,NULL,NULL),('99b11cb3-fe8c-4785-bc0e-87ec9e6429eb','d467fe47-cb23-4625-88bb-64e0c5e2ddac',1,1,'td','&nbsp;',1,NULL,NULL,0,1,'on',NULL,NULL,NULL),('9b404596-8ff8-4dbd-8ed0-2e244cfb52b0','7f5035b4-6001-497d-8dfc-e6b196388044',1,1,'td','&nbsp;',47,NULL,NULL,7,5,'on',NULL,'getvalue',NULL),('9c98f39b-dfb7-4647-8d86-26e814b25e71','bf5ec34f-cdd6-4ff0-a6a0-6f582ace3da2',1,1,'td','&nbsp;',14,NULL,NULL,4,2,'on',NULL,NULL,NULL),('9e561ad0-cbf4-4c6e-86ec-5138db93ee33','51e82569-f791-425e-aab1-40e4b74392b8',1,1,'td','&nbsp;',7,NULL,NULL,2,1,'on',NULL,NULL,NULL),('9ed5503b-e6de-466c-8d85-0e1557103e33','7f5035b4-6001-497d-8dfc-e6b196388044',1,1,'td','&nbsp;',56,NULL,NULL,9,2,'on',NULL,'getvalue',NULL),('a1104d10-4344-4bd9-82a2-2b7db7bcf1ec','68d7748d-c627-4ce5-b9f9-c0c629ae3b01',1,1,'td','&nbsp;',10,NULL,NULL,1,5,'on',NULL,NULL,NULL),('a1721e57-c64b-47b7-8c93-1750956b262f','68d7748d-c627-4ce5-b9f9-c0c629ae3b01',1,1,'td','&nbsp;',-1,NULL,NULL,4,2,'on',NULL,NULL,NULL),('a2ab6c33-c3cf-40ed-834d-7103d343f1be','7f5035b4-6001-497d-8dfc-e6b196388044',1,1,'td','&nbsp;',49,NULL,NULL,8,1,'on',NULL,'getvalue',NULL),('a2b76dea-eacf-4bb5-bb0c-ec075d6253e0','989a5af8-12b0-4ccb-8086-21a3dd7d929e',1,1,'td','&nbsp;',7,NULL,NULL,0,7,'on',NULL,NULL,NULL),('a448a2f5-b0d1-4d33-8c4c-5039e6fc6c7f','a078baf1-6409-493e-92ca-c9fb602a688b',1,1,'td',' 项目',0,NULL,NULL,0,0,'on',NULL,NULL,NULL),('a45731c2-aa45-40f4-a9b9-c963e61c8921','7f5035b4-6001-497d-8dfc-e6b196388044',1,1,'td',' 2',6,NULL,NULL,1,0,'on',NULL,NULL,'select==2'),('a580a8e6-9f09-4c62-baf6-c730fd5d98c7','68d7748d-c627-4ce5-b9f9-c0c629ae3b01',1,1,'td','&nbsp;',-1,NULL,NULL,12,2,'on',NULL,NULL,NULL),('a67897b1-46fd-490a-b2ac-a5ad46789575','51e82569-f791-425e-aab1-40e4b74392b8',1,1,'td','&nbsp;',3,NULL,NULL,1,0,'on',NULL,NULL,NULL),('a699627b-9226-4ba2-bd98-7b53f16a9817','d467fe47-cb23-4625-88bb-64e0c5e2ddac',1,1,'td','&nbsp;',28,NULL,NULL,9,1,'on',NULL,NULL,NULL),('a6f12eb0-9a7e-4609-b371-993b68f09b58','989a5af8-12b0-4ccb-8086-21a3dd7d929e',1,1,'td','&nbsp;',9,NULL,NULL,0,9,'on',NULL,NULL,NULL),('a81c4d43-762c-4329-bd7c-5fd7ab10447d','4b3506bc-0873-46a1-a8d8-62e54f47cbd4',1,1,'td','&nbsp;',7,NULL,NULL,2,1,'on',NULL,NULL,NULL),('a82374b2-a884-4343-a728-7aefcec9f0fb','c6e8c01b-3df9-4841-a154-2a568dfee8e3',1,1,'td','&nbsp;',10,NULL,NULL,1,4,'on',NULL,NULL,NULL),('aa2823e9-bb4c-49dc-a9a5-540faaeb4638','989a5af8-12b0-4ccb-8086-21a3dd7d929e',1,1,'td','&nbsp;',26,NULL,NULL,2,6,'on',NULL,NULL,NULL),('ab4fbb3f-3483-4c6d-8077-6e007427460a','68d7748d-c627-4ce5-b9f9-c0c629ae3b01',1,1,'td','&nbsp;',-1,NULL,NULL,11,4,'on',NULL,NULL,NULL),('ac44ab2a-1d78-425c-b6a5-d19535a52520','68d7748d-c627-4ce5-b9f9-c0c629ae3b01',1,1,'td','&nbsp;',53,NULL,NULL,11,6,'on',NULL,NULL,NULL),('ac5db5c3-5ba9-40ec-980f-12b51f8d9320','d467fe47-cb23-4625-88bb-64e0c5e2ddac',1,1,'td','&nbsp;',0,NULL,NULL,0,0,'on',NULL,NULL,NULL),('ac95ceaf-3f45-4392-bfab-4f36ea06cf7b','7f5035b4-6001-497d-8dfc-e6b196388044',1,1,'td',' ',34,NULL,NULL,5,4,'off','','getvalue',NULL),('acb89a41-572c-48cc-8cf6-4e43451b2f25','68d7748d-c627-4ce5-b9f9-c0c629ae3b01',1,1,'td','&nbsp;',57,NULL,NULL,12,3,'on',NULL,NULL,NULL),('ad6a2169-3227-496a-8928-e6793b4bd8c0','7f5035b4-6001-497d-8dfc-e6b196388044',1,1,'td','&nbsp;',43,NULL,NULL,7,1,'on',NULL,'getvalue',NULL),('ae990d8e-d2e1-4742-b4aa-bb48da8adb01','68d7748d-c627-4ce5-b9f9-c0c629ae3b01',1,1,'td','&nbsp;',40,NULL,NULL,9,5,'on',NULL,NULL,NULL),('b04aac52-bdcd-40db-a077-6810a37e7539','69158506-d118-436d-996f-5f372d61e370',1,1,'td','&nbsp;',18,NULL,NULL,6,0,'on',NULL,NULL,NULL),('b160dcd2-f01c-4f1a-87e4-d327052a4070','a078baf1-6409-493e-92ca-c9fb602a688b',1,1,'td','实验室',9,NULL,NULL,4,1,'off','',NULL,NULL),('b3c2c868-5811-43c6-99da-c8fc18d304d1','7f5035b4-6001-497d-8dfc-e6b196388044',1,1,'td','&nbsp;',58,NULL,NULL,9,4,'on',NULL,'getvalue',NULL),('b3d0e24d-42d1-4f4e-9240-efa489ceb5a4','d467fe47-cb23-4625-88bb-64e0c5e2ddac',1,1,'td','&nbsp;',8,NULL,NULL,2,2,'on',NULL,NULL,NULL),('b3d94d9f-e6df-45e5-9b2c-098621949e33','989a5af8-12b0-4ccb-8086-21a3dd7d929e',1,1,'td','&nbsp;',25,NULL,NULL,2,5,'on',NULL,NULL,NULL),('b4a89da1-d9c1-4c5f-91ea-9c36efa5e776','68d7748d-c627-4ce5-b9f9-c0c629ae3b01',1,1,'td','&nbsp;',-1,NULL,NULL,5,3,'on',NULL,NULL,NULL),('b53f1806-1802-4bb6-b682-5e69bca1c4a0','989a5af8-12b0-4ccb-8086-21a3dd7d929e',1,1,'td','&nbsp;',5,NULL,NULL,0,5,'on',NULL,NULL,NULL),('b65a3e0f-3633-4e61-943d-19e7fe712c45','7f5035b4-6001-497d-8dfc-e6b196388044',1,1,'td','&nbsp;',53,NULL,NULL,8,5,'on',NULL,'getvalue',NULL),('b66bea9c-6dc3-4071-a772-3f5dd7324bff','395e38ca-d779-4d08-868d-5aa73170c127',1,1,'td',' 患者护理设备',28,NULL,NULL,5,0,'on',NULL,NULL,NULL),('b9696573-17b2-4590-a74a-4e9d3f55c569','68d7748d-c627-4ce5-b9f9-c0c629ae3b01',1,1,'td','&nbsp;',-1,NULL,NULL,7,2,'on',NULL,NULL,NULL),('b99bda2e-a490-437c-8e09-3dd1f909015b','68d7748d-c627-4ce5-b9f9-c0c629ae3b01',1,1,'td','&nbsp;',-1,NULL,NULL,3,2,'on',NULL,NULL,NULL),('badece4b-997f-4d13-bd70-aa4d121db303','989a5af8-12b0-4ccb-8086-21a3dd7d929e',1,1,'td','&nbsp;',28,NULL,NULL,2,8,'on',NULL,NULL,NULL),('bb05e358-2a3d-48e0-b86b-95f452e25005','bf5ec34f-cdd6-4ff0-a6a0-6f582ace3da2',1,1,'td','&nbsp;',11,NULL,NULL,3,2,'on',NULL,NULL,NULL),('bb799b6e-641b-4be7-9ac9-c2b5df1a48cc','c6e8c01b-3df9-4841-a154-2a568dfee8e3',1,1,'td','&nbsp;',16,NULL,NULL,2,4,'on',NULL,NULL,NULL),('bd4d7602-14fe-4a77-b726-9fb996126ebe','68d7748d-c627-4ce5-b9f9-c0c629ae3b01',1,1,'td','&nbsp;',42,NULL,NULL,10,0,'on',NULL,NULL,NULL),('be9cbb18-4301-4f1a-969c-a0ecc88d6b87','a078baf1-6409-493e-92ca-c9fb602a688b',1,1,'td',' 抗心磷脂抗体 （aCL）',10,NULL,NULL,5,0,'on',NULL,NULL,NULL),('bf169609-8e08-4e6a-af61-6ec679a87004','395e38ca-d779-4d08-868d-5aa73170c127',1,1,'td','&nbsp;',6,NULL,NULL,1,1,'on',NULL,NULL,NULL),('bf95067a-388a-4280-8aa4-574c51ae90a7','68d7748d-c627-4ce5-b9f9-c0c629ae3b01',1,1,'td','&nbsp;',-1,NULL,NULL,4,4,'on',NULL,NULL,NULL),('c1a1c7f9-1361-4a4d-a433-da4c2ff200e1','68d7748d-c627-4ce5-b9f9-c0c629ae3b01',1,1,'td','&nbsp;',25,NULL,NULL,7,1,'on',NULL,NULL,NULL),('c1e306ea-6295-4adb-9012-d0d9c4b97102','68d7748d-c627-4ce5-b9f9-c0c629ae3b01',1,1,'td','&nbsp;',-1,NULL,NULL,5,0,'on',NULL,NULL,NULL),('c292a278-8262-4eed-b48b-3bc63904f129','d467fe47-cb23-4625-88bb-64e0c5e2ddac',1,1,'td','&nbsp;',21,NULL,NULL,7,0,'on',NULL,NULL,NULL),('c2c293e7-881b-46ef-9899-e22b0e75b3d8','c45db440-58f8-41c9-8cc1-d1545bb6d626',1,1,'td',' 1、处理是否及时',0,NULL,NULL,0,0,'on',NULL,NULL,'time!=0'),('c33f3866-53af-45df-ad7a-62b3728b2c96','a078baf1-6409-493e-92ca-c9fb602a688b',1,1,'td',' 血管血栓形成',4,NULL,NULL,2,0,'on',NULL,NULL,NULL),('c4e8750f-5f24-4226-9f60-83b83b502b92','7f5035b4-6001-497d-8dfc-e6b196388044',1,1,'td','&nbsp;',30,NULL,NULL,5,0,'on',NULL,NULL,NULL),('c77b30cd-3345-4d97-8a0a-605b5f95c77e','395e38ca-d779-4d08-868d-5aa73170c127',1,1,'td','&nbsp;',19,NULL,NULL,2,2,'on',NULL,NULL,NULL),('c77d83df-4acb-4e10-baae-244632c6cabb','69158506-d118-436d-996f-5f372d61e370',1,1,'td','&nbsp;',24,NULL,NULL,8,0,'on',NULL,NULL,NULL),('c806c9c7-6987-4b5b-9b53-c517a7e62c41','bf5ec34f-cdd6-4ff0-a6a0-6f582ace3da2',1,1,'td','&nbsp;',12,NULL,NULL,4,0,'on',NULL,NULL,NULL),('c8259024-601c-42a9-8fd3-d26fe6fd6af0','68d7748d-c627-4ce5-b9f9-c0c629ae3b01',1,1,'td','&nbsp;',-1,NULL,NULL,6,5,'on',NULL,NULL,NULL),('cad514bb-70ef-4846-8787-ffa9b94766be','d467fe47-cb23-4625-88bb-64e0c5e2ddac',1,1,'td','&nbsp;',22,NULL,NULL,7,1,'on',NULL,NULL,NULL),('cafa98e5-b1da-4cfb-9896-bfccc7aa51d4','68d7748d-c627-4ce5-b9f9-c0c629ae3b01',1,1,'td','&nbsp;',33,NULL,NULL,8,3,'on',NULL,NULL,NULL),('cbb03b94-75ce-4241-90f3-bd4daa30b08c','d467fe47-cb23-4625-88bb-64e0c5e2ddac',1,1,'td','&nbsp;',19,NULL,NULL,6,1,'on',NULL,NULL,NULL),('cd18dfb9-0333-478b-a3d2-63f23f3a8736','68d7748d-c627-4ce5-b9f9-c0c629ae3b01',1,1,'td','&nbsp;',48,NULL,NULL,11,0,'on',NULL,NULL,NULL),('cd4a5202-ec9c-45a0-a6cb-a48f696a69cb','68d7748d-c627-4ce5-b9f9-c0c629ae3b01',1,1,'td','&nbsp;',39,NULL,NULL,9,3,'on',NULL,NULL,NULL),('cd4d6aa1-dc7b-40bd-b523-af893b3c3c2b','68d7748d-c627-4ce5-b9f9-c0c629ae3b01',1,1,'td','&nbsp;',-1,NULL,NULL,2,0,'on',NULL,NULL,NULL),('cdae680f-3153-4652-9dcb-1bb5945c747e','68d7748d-c627-4ce5-b9f9-c0c629ae3b01',1,1,'td','&nbsp;',-1,NULL,NULL,8,2,'on',NULL,NULL,NULL),('ce03f31c-bb87-4d87-a4c1-0248480aca73','7f5035b4-6001-497d-8dfc-e6b196388044',1,1,'td','&nbsp;',46,NULL,NULL,7,4,'on',NULL,'getvalue',NULL),('cff69e87-1072-4f07-885a-9cbf285ae9e0','7f5035b4-6001-497d-8dfc-e6b196388044',1,1,'td','&nbsp;',11,NULL,NULL,1,5,'on','下拉框','getvalue',NULL),('d157670c-afe0-41fe-907f-211fb90232f7','989a5af8-12b0-4ccb-8086-21a3dd7d929e',1,1,'td','&nbsp;',22,NULL,NULL,2,2,'on',NULL,NULL,NULL),('d1811234-0c9b-4aa1-ac17-e48437c04710','395e38ca-d779-4d08-868d-5aa73170c127',1,1,'td',' 评估',2,NULL,NULL,0,1,'on',NULL,NULL,NULL),('d1ba1fd5-e542-4f1b-a882-0425516d2ac8','989a5af8-12b0-4ccb-8086-21a3dd7d929e',1,1,'td','&nbsp;',11,NULL,NULL,1,1,'on',NULL,NULL,NULL),('d268af8e-7f46-415a-8875-242b7461ccfe','c6e8c01b-3df9-4841-a154-2a568dfee8e3',1,1,'td','&nbsp;',13,NULL,NULL,2,1,'on',NULL,NULL,NULL),('d337bab1-8607-447f-ac6b-f8f46cb5f770','989a5af8-12b0-4ccb-8086-21a3dd7d929e',1,1,'td','&nbsp;',2,NULL,NULL,0,2,'on',NULL,NULL,NULL),('d33aeb89-60f3-40eb-9862-93f3bccd823b','69158506-d118-436d-996f-5f372d61e370',1,1,'td','&nbsp;',14,NULL,NULL,4,2,'on',NULL,NULL,NULL),('d4a40314-1c8c-49fe-8eaa-5a931a1cc697','c6e8c01b-3df9-4841-a154-2a568dfee8e3',1,1,'td','&nbsp;',12,NULL,NULL,2,0,'on',NULL,NULL,NULL),('d6ca8289-e5cf-46d5-8f24-a3f1a07471a8','d467fe47-cb23-4625-88bb-64e0c5e2ddac',1,1,'td','&nbsp;',10,NULL,NULL,3,1,'on',NULL,NULL,NULL),('d815ce27-4150-4313-93fc-9251fe3f8f01','68d7748d-c627-4ce5-b9f9-c0c629ae3b01',1,1,'td','&nbsp;',24,NULL,NULL,7,0,'on',NULL,NULL,NULL),('d990dcb8-4543-43fe-9926-a74e73d4d76b','69158506-d118-436d-996f-5f372d61e370',1,1,'td','&nbsp;',2,NULL,NULL,0,2,'on',NULL,NULL,NULL),('d9a553e6-815d-4db2-bec1-4a9b3c91c10a','68d7748d-c627-4ce5-b9f9-c0c629ae3b01',1,1,'td','&nbsp;',-1,NULL,NULL,3,3,'on',NULL,NULL,NULL),('da1c4221-c3ab-4bbe-806f-9f589cb3a9fe','989a5af8-12b0-4ccb-8086-21a3dd7d929e',1,1,'td','&nbsp;',6,NULL,NULL,0,6,'on',NULL,NULL,NULL),('da8701d4-0d36-41e0-95c8-349fd327f3d2','68d7748d-c627-4ce5-b9f9-c0c629ae3b01',1,1,'td','&nbsp;',-1,NULL,NULL,12,4,'on',NULL,NULL,NULL),('dab33a15-7f22-4ca6-ae7e-9936816e6740','c6e8c01b-3df9-4841-a154-2a568dfee8e3',1,1,'td','&nbsp;',1,NULL,NULL,0,1,'on',NULL,NULL,NULL),('dc7ad7f0-4463-48c0-8a45-f9c721578493','7f5035b4-6001-497d-8dfc-e6b196388044',1,1,'td',' 555',26,NULL,NULL,4,2,'on',NULL,'getvalue',NULL),('dcf4ce32-485f-467e-bcb6-f8d1c3a36630','69158506-d118-436d-996f-5f372d61e370',1,1,'td','&nbsp;',23,NULL,NULL,7,2,'on',NULL,NULL,NULL),('e50e2e69-1966-48af-8da0-8f0d2ab601ce','7f5035b4-6001-497d-8dfc-e6b196388044',1,1,'td','&nbsp;',54,NULL,NULL,9,0,'on',NULL,NULL,NULL),('e841dc25-8345-49d1-9e38-3a41255a5c46','7f5035b4-6001-497d-8dfc-e6b196388044',1,1,'td','&nbsp;',45,NULL,NULL,7,3,'on',NULL,'getvalue',NULL),('e8a93a5e-4186-446c-9f5f-b19301f1375f','68d7748d-c627-4ce5-b9f9-c0c629ae3b01',1,1,'td','&nbsp;',6,NULL,NULL,1,0,'on',NULL,NULL,NULL),('e8c262f7-576d-47c2-abe5-82969f00c079','69158506-d118-436d-996f-5f372d61e370',1,1,'td','&nbsp;',15,NULL,NULL,5,0,'on',NULL,NULL,NULL),('e9acd20b-b4d3-49f6-b93a-0fe25c9c75bd','7f5035b4-6001-497d-8dfc-e6b196388044',2,1,'td',' ',33,NULL,NULL,5,3,'on','','getvalue',NULL),('e9e905fb-9bb4-4959-992a-6335b92ea84b','7f5035b4-6001-497d-8dfc-e6b196388044',1,1,'td',' 4444',21,NULL,NULL,3,3,'on',NULL,'getvalue',NULL),('e9f07b50-1496-4a94-b2ce-a94b6ed6ace9','68d7748d-c627-4ce5-b9f9-c0c629ae3b01',1,1,'td','&nbsp;',-1,NULL,NULL,0,4,'on',NULL,NULL,NULL),('ea2463b0-4ff4-49dd-bf6a-769908abcd88','68d7748d-c627-4ce5-b9f9-c0c629ae3b01',1,1,'td','&nbsp;',28,NULL,NULL,7,5,'on',NULL,NULL,NULL),('ea93fd62-f288-4199-bc75-d06981294e4d','7f5035b4-6001-497d-8dfc-e6b196388044',1,1,'td',' 11',1,NULL,NULL,0,1,'on',NULL,'getvalue',NULL),('ec450bac-15f9-4acf-9042-3039fe6fd42e','69158506-d118-436d-996f-5f372d61e370',1,1,'td','&nbsp;',27,NULL,NULL,9,0,'on',NULL,NULL,NULL),('ecc61f35-a79a-47ed-8774-7f65c62a26e5','395e38ca-d779-4d08-868d-5aa73170c127',1,1,'td','&nbsp;',39,NULL,NULL,7,2,'on',NULL,NULL,NULL),('ecc70bfd-b7dd-4e45-84e3-83b0cf5c62b8','68d7748d-c627-4ce5-b9f9-c0c629ae3b01',1,1,'td','&nbsp;',-1,NULL,NULL,6,2,'on',NULL,NULL,NULL),('ece484fa-9c95-4d54-9b8f-8172268f58c3','bf5ec34f-cdd6-4ff0-a6a0-6f582ace3da2',1,1,'td','&nbsp;',26,NULL,NULL,8,2,'on',NULL,NULL,NULL),('ed8b1b1e-233d-48c6-b6e4-dd972678cce2','989a5af8-12b0-4ccb-8086-21a3dd7d929e',1,1,'td','&nbsp;',21,NULL,NULL,2,1,'on',NULL,NULL,NULL),('edef907b-40a0-4f73-9781-ee95519c6274','51e82569-f791-425e-aab1-40e4b74392b8',1,1,'td','&nbsp;',1,NULL,NULL,0,1,'on','w',NULL,NULL),('eef9e573-c0d1-4932-87c7-1d1f3a3bbd17','7f5035b4-6001-497d-8dfc-e6b196388044',1,1,'td',' 5555',27,NULL,NULL,4,3,'on',NULL,'getvalue',NULL),('ef2e84f3-2aff-4103-88e1-e77e1a810135','c6e8c01b-3df9-4841-a154-2a568dfee8e3',1,1,'td','&nbsp;',11,NULL,NULL,1,5,'on',NULL,NULL,NULL),('eff059ea-8cf9-438e-9864-b1918f6f32bb','68d7748d-c627-4ce5-b9f9-c0c629ae3b01',1,1,'td','&nbsp;',-1,NULL,NULL,6,3,'on',NULL,NULL,NULL),('eff3e8fb-27de-4486-a9a5-9e280648f11b','7f5035b4-6001-497d-8dfc-e6b196388044',1,1,'td',' 444',20,NULL,NULL,3,2,'on',NULL,'getvalue',NULL),('f044899d-2d0b-4599-9a61-f70952768e09','69158506-d118-436d-996f-5f372d61e370',1,1,'td','&nbsp;',21,NULL,NULL,7,0,'on',NULL,NULL,NULL),('f08520f5-81cf-4e71-bdda-54dd0e1eb5b8','395e38ca-d779-4d08-868d-5aa73170c127',1,1,'td','&nbsp;',26,NULL,NULL,4,1,'on','',NULL,NULL),('f0eb0f7b-6987-4b1d-8ee2-d79bed159645','395e38ca-d779-4d08-868d-5aa73170c127',1,1,'td','&nbsp;',18,NULL,NULL,2,1,'on','history',NULL,NULL),('f1c4fcf0-2c81-4883-86b8-9f3f52f3d9d6','7f5035b4-6001-497d-8dfc-e6b196388044',1,1,'td',' 3333',15,NULL,NULL,2,3,'on',NULL,'getvalue',NULL),('f24da93d-c385-4a50-b57b-51bbcd1a9a82','4b3506bc-0873-46a1-a8d8-62e54f47cbd4',1,1,'td','&nbsp;',3,NULL,NULL,1,0,'on',NULL,NULL,NULL),('f3a84d0c-5e90-444e-b0a3-93b95dc5c673','7f5035b4-6001-497d-8dfc-e6b196388044',1,1,'td',' 111111',4,NULL,NULL,0,4,'on',NULL,'getvalue',NULL),('f3db7c34-42a6-45f0-bcdb-31b860ca8acd','bf5ec34f-cdd6-4ff0-a6a0-6f582ace3da2',1,1,'td',' ',6,NULL,NULL,2,0,'off','',NULL,NULL),('f4434c37-17a0-4aaf-a22c-41c0983411a4','68d7748d-c627-4ce5-b9f9-c0c629ae3b01',1,1,'td','&nbsp;',-1,NULL,NULL,5,6,'on',NULL,NULL,NULL),('f4bb877f-1369-4d7c-b089-9dc57926f6ef','a078baf1-6409-493e-92ca-c9fb602a688b',1,1,'td',' ■动脉血栓形成，或者\n■静脉血栓形成，或者\n■小血管血栓形成',5,NULL,NULL,2,1,'on',NULL,NULL,NULL),('f4c57b05-e804-4d3c-a577-d12b7d36ade4','68d7748d-c627-4ce5-b9f9-c0c629ae3b01',1,1,'td','&nbsp;',3,NULL,NULL,0,3,'on',NULL,NULL,NULL),('f4d14feb-89a7-48c3-96cb-3f069e83e5af','51e82569-f791-425e-aab1-40e4b74392b8',1,1,'td','&nbsp;',6,NULL,NULL,2,0,'on',NULL,NULL,NULL),('f545b4db-67e7-4347-877e-e2c6a2f419c0','989a5af8-12b0-4ccb-8086-21a3dd7d929e',1,1,'td','&nbsp;',19,NULL,NULL,1,9,'on',NULL,NULL,NULL),('f5f3ae25-d875-4578-aac2-d428ac8842dd','69158506-d118-436d-996f-5f372d61e370',1,1,'td','&nbsp;',3,NULL,NULL,1,0,'on',NULL,NULL,NULL),('f6541796-d5d1-40b9-ac57-ac9e2a544f87','395e38ca-d779-4d08-868d-5aa73170c127',1,1,'td',' 大小便异常',20,NULL,NULL,3,0,'on',NULL,NULL,NULL),('f6a1a80f-8684-4f86-b9df-bd704616e709','7f5035b4-6001-497d-8dfc-e6b196388044',1,1,'td',' 44',19,NULL,NULL,3,1,'on',NULL,'getvalue',NULL),('f6eb5e62-516b-4922-bb07-037e16d62642','4b3506bc-0873-46a1-a8d8-62e54f47cbd4',1,1,'td','&nbsp;',2,NULL,NULL,0,2,'on',NULL,NULL,NULL),('f7e4af3b-0089-4732-9611-25422951b65b','69158506-d118-436d-996f-5f372d61e370',1,1,'td','&nbsp;',11,NULL,NULL,3,2,'on',NULL,NULL,NULL),('f8d377c2-b631-4ac8-a6f2-5172484b444b','989a5af8-12b0-4ccb-8086-21a3dd7d929e',1,1,'td','&nbsp;',8,NULL,NULL,0,8,'on',NULL,NULL,NULL),('f9080ea1-54b7-4e1a-9909-bbf8030968e0','989a5af8-12b0-4ccb-8086-21a3dd7d929e',1,1,'td','&nbsp;',18,NULL,NULL,1,8,'on',NULL,NULL,NULL),('f978198d-bd01-4847-b35e-b980b8528655','989a5af8-12b0-4ccb-8086-21a3dd7d929e',1,1,'td','&nbsp;',16,NULL,NULL,1,6,'on',NULL,NULL,NULL),('f9b7b937-49df-45ff-929d-a6c008b5c3fb','bf5ec34f-cdd6-4ff0-a6a0-6f582ace3da2',1,1,'td','&nbsp;',2,NULL,NULL,0,2,'on',NULL,NULL,NULL),('f9feda94-c3b0-43c2-8000-93f74826295e','68d7748d-c627-4ce5-b9f9-c0c629ae3b01',1,1,'td','&nbsp;',30,NULL,NULL,8,0,'on',NULL,NULL,NULL),('fb68d659-434d-4f5c-b38d-ef6cd55d2fcd','68d7748d-c627-4ce5-b9f9-c0c629ae3b01',1,1,'td','&nbsp;',27,NULL,NULL,7,3,'on',NULL,NULL,NULL),('fb8f507f-36f2-4bce-a459-0900b3c9b905','a078baf1-6409-493e-92ca-c9fb602a688b',1,1,'td','临床',3,NULL,NULL,1,1,'off','',NULL,NULL),('fc2b176b-dd88-4208-8e00-88ecbe4f961a','d467fe47-cb23-4625-88bb-64e0c5e2ddac',1,1,'td','&nbsp;',4,NULL,NULL,1,1,'on',NULL,NULL,NULL),('fcbc582b-90b1-4882-b056-0e812287e98d','395e38ca-d779-4d08-868d-5aa73170c127',1,1,'td',' 说明',3,NULL,NULL,0,2,'on',NULL,NULL,NULL),('fd6309eb-467d-4575-aa26-addab2a8db06','a078baf1-6409-493e-92ca-c9fb602a688b',2,1,'td','实验室',8,NULL,NULL,4,0,'on','',NULL,NULL),('ffae34ef-0d74-45a0-ac00-c9c18fe59d2e','bf5ec34f-cdd6-4ff0-a6a0-6f582ace3da2',1,1,'td','&nbsp;',16,NULL,NULL,5,1,'on',NULL,NULL,NULL);
/*!40000 ALTER TABLE `page_table` ENABLE KEYS */;
UNLOCK TABLES;

--
-- Table structure for table `page_table_ele`
--

DROP TABLE IF EXISTS `page_table_ele`;
/*!40101 SET @saved_cs_client     = @@character_set_client */;
 SET character_set_client = utf8mb4 ;
CREATE TABLE `page_table_ele` (
  `idpage_table_ele` varchar(36) NOT NULL COMMENT '主键',
  `page_table_id` varchar(36) DEFAULT NULL COMMENT 'page_table表主键',
  `ele_type` varchar(2) DEFAULT NULL COMMENT '页面元素类型（1：分类标题，2：label，3：输入框，4：下拉框，5：单选框，6：多选框，7：文本域，8：文件上传，9：说明性文字）',
  `ele_id` varchar(100) DEFAULT NULL COMMENT '页面元素id，只能是小写字母',
  `ele_conn` varchar(1000) DEFAULT NULL COMMENT '下拉框，单选，多选框选择数据来源接口',
  `ele_value` varchar(5000) DEFAULT NULL COMMENT '下拉框，单选，多选框选择数据固定值，json类型{key:value,key1:value1}',
  `seq` int(11) DEFAULT NULL COMMENT '显示顺序',
  `calculate` varchar(5000) DEFAULT NULL COMMENT '计算公式',
  PRIMARY KEY (`idpage_table_ele`),
  KEY `fk_table_ele_idx` (`page_table_id`),
  CONSTRAINT `fk_table_id_ele` FOREIGN KEY (`page_table_id`) REFERENCES `page_table` (`idtable`)
) ENGINE=InnoDB DEFAULT CHARSET=utf8 COMMENT='表格中td中包含的元素信息';
/*!40101 SET character_set_client = @saved_cs_client */;

--
-- Dumping data for table `page_table_ele`
--

LOCK TABLES `page_table_ele` WRITE;
/*!40000 ALTER TABLE `page_table_ele` DISABLE KEYS */;
INSERT INTO `page_table_ele` VALUES ('0c34df80-26d3-41d5-a7f0-71457bd43488','641eccd3-764d-4028-9edd-1ba69e0c7013','6','cognize3',NULL,'{\'4\':\'对一个人的身体和认知能力的局限性认识不足（对自身评价过高且 忘记自身所受限制；不正确地回答问题或指令）\'}',NULL,NULL),('17bf81f9-5f67-44f0-8a68-8c79d8742f14','41eef6da-60bc-4aab-893f-77a6aa198137','6','move3',NULL,'{\'2\':\'视觉或听觉影响移动\'}',NULL,NULL),('1d30f6c4-7810-4349-9455-aa13116e8f26','f08520f5-81cf-4e71-bdda-54dd0e1eb5b8','5','drug',NULL,'{\'3\':\'正在服用一种高风险药物\',\'5\':\'正在服用两种及以上高风险药物\',\'7\':\'在过去24小时内给予镇静药\'}',NULL,NULL),('1d777144-72ba-497f-90fd-056e29fdaef2','6d46e33c-f7bf-469e-8ce5-e01843b0ae7c','7','textarea',NULL,NULL,NULL,NULL),('248f55e2-e2ed-4b17-aa55-8bf957d9c9b9','cff69e87-1072-4f07-885a-9cbf285ae9e0','4','select',NULL,'{1:1,2:2,3:3,4:4,5:5}',NULL,NULL),('2ea3799c-4124-47b3-9e57-2e53b5edcce6','92545507-07ac-4dff-b920-eb4b3578435f','4',NULL,NULL,'{\'on\':\'启用\',\'off\':\'禁用\'}',NULL,NULL),('3dcc2fa4-6d28-4af9-8234-cfb3bb2338f1','641eccd3-764d-4028-9edd-1ba69e0c7013','6','cognize2',NULL,'{\'2\':\'行为易冲动 / 精神状态或意识情况异常\'}',NULL,NULL),('545d1aef-dcee-4096-996d-202fad0d68c3','3ca30b8d-a3c0-45d6-9db1-9b81ba2e5f11','5','code',NULL,'{0:\'全部签名\',1:\'缺少一个签名\',2:\'缺少二个签名\',3:\'缺少三个签名\',4:\'缺少四个签名\'}',NULL,NULL),('5658396a-73a9-46f0-add7-c992693d2719','4d84b7b7-63c7-4f42-8215-9d6578216e13','6','checkbox',NULL,'{1:1,2:2,3:3,4:4,5:5}',NULL,NULL),('590b8fbc-2b38-4297-af45-d710c39f0005','4ba1358f-ca72-426c-992a-f3e66c420dd9','5','radio',NULL,'{1:1,2:2,3:3,4:4,5:5}',NULL,NULL),('79a5b1fd-430e-4dbf-ae2a-d5918df513f3','41eef6da-60bc-4aab-893f-77a6aa198137','6','move2',NULL,'{\'2\':\'步态不稳\'}',NULL,NULL),('89ae4eeb-b7fc-4dfa-a015-a6e49fae862e','edef907b-40a0-4f73-9781-ee95519c6274','3','w',NULL,NULL,NULL,NULL),('9a88eecc-69c4-4e41-bfba-2efdbfc7215d','1d75bacd-2c25-4876-9f59-50eb48a579ad','5','tool',NULL,'{\'1\':\'一种\',\'2\':\'两种\',\'3\':\'三种及以上\'}',NULL,NULL),('a55fc433-df2b-4e45-bc88-d739235fbbb6','641eccd3-764d-4028-9edd-1ba69e0c7013','6','cognize1',NULL,'{\'1\':\'环境的改变\'}',NULL,NULL),('c10a1239-4683-4326-89cf-5cd86b690cf4','bf169609-8e08-4e6a-af61-6ec679a87004','5','age',NULL,'{\'1\':\'60-69岁\',\'2\':\'70-79岁\',\'3\':\'80岁及以上\'}',NULL,NULL),('cc283407-ae29-40e6-b218-fe22734986c4','02e586b7-1216-49b2-ad49-bc4b2e9015ea','3','input',NULL,NULL,NULL,NULL),('e83b6041-d289-4782-affb-c9aa344da296','28cc1086-2ca9-4ef9-a94e-c9d139e489bf','5','time',NULL,'{0:\'及时\',1:\'延后五分钟\',2:\'延后十分钟\',3:\'延后半小时\',4:\'延后一小时及以上\'}',NULL,NULL),('f2254e0c-1be1-4bd2-a16c-cdd1afd8e92b','74bb7d66-0322-422d-90bb-02f9c47c4929','5','exception',NULL,'{\'2\':\'失禁\',\'3\':\'尿频/尿急/尿潴留\',\'4\':\'尿频/尿急/尿潴留且失禁\'}',NULL,NULL),('f3a68fa7-d784-47a7-bae4-147c653319bd','41eef6da-60bc-4aab-893f-77a6aa198137','6','move1',NULL,'{\'2\':\'需要协助或监视移动\'}',NULL,NULL),('f98db21d-cf9b-475a-b729-eeb96fb62dac','f0eb0f7b-6987-4b1d-8ee2-d79bed159645','6','history',NULL,'{\'5\':\'入院前六个月内有一次跌倒发生\'}',NULL,NULL);
/*!40000 ALTER TABLE `page_table_ele` ENABLE KEYS */;
UNLOCK TABLES;

--
-- Table structure for table `record`
--

DROP TABLE IF EXISTS `record`;
/*!40101 SET @saved_cs_client     = @@character_set_client */;
 SET character_set_client = utf8mb4 ;
CREATE TABLE `record` (
  `idrecord` varchar(36) NOT NULL COMMENT '主键',
  `idpage` varchar(36) NOT NULL COMMENT '页面配置主表id',
  `record_title` varchar(500) NOT NULL COMMENT '标题',
  `record_create` date NOT NULL COMMENT '创建时间',
  `record_update` date DEFAULT NULL COMMENT '修改时间',
  `page_backimg` varchar(200) DEFAULT NULL COMMENT '病历背景图，不重复，居左上角显示',
  `record_state` varchar(2) DEFAULT '-1' COMMENT '记录状态（-1：新建未填写，0：填写只保存未提交，1：提交）',
  `recordcol` varchar(1000) DEFAULT NULL COMMENT '备用',
  `recordcol1` varchar(1000) DEFAULT NULL COMMENT '备用',
  `recordcol2` varchar(1000) DEFAULT NULL COMMENT '备用',
  `recordcol3` varchar(1000) DEFAULT NULL COMMENT '备用',
  `recordcol4` varchar(1000) DEFAULT NULL COMMENT '备用',
  `recordcol5` varchar(1000) DEFAULT NULL COMMENT '备用',
  PRIMARY KEY (`idrecord`),
  KEY `pk_record` (`idrecord`),
  KEY `fk_page_record_idx` (`idpage`),
  CONSTRAINT `fk_page_record` FOREIGN KEY (`idpage`) REFERENCES `page` (`idpage`)
) ENGINE=InnoDB DEFAULT CHARSET=utf8 COMMENT='页面表单数据记录表';
/*!40101 SET character_set_client = @saved_cs_client */;

--
-- Dumping data for table `record`
--

LOCK TABLES `record` WRITE;
/*!40000 ALTER TABLE `record` DISABLE KEYS */;
/*!40000 ALTER TABLE `record` ENABLE KEYS */;
UNLOCK TABLES;

--
-- Table structure for table `record_result`
--

DROP TABLE IF EXISTS `record_result`;
/*!40101 SET @saved_cs_client     = @@character_set_client */;
 SET character_set_client = utf8mb4 ;
CREATE TABLE `record_result` (
  `idrecord_result` varchar(36) NOT NULL COMMENT '主键',
  `idpage` varchar(36) NOT NULL COMMENT '模板id',
  `idrecord` varchar(36) NOT NULL COMMENT '主要信息id',
  `record_result` text NOT NULL COMMENT '保存评估结果，多个层级用——>分隔',
  `opt_time` timestamp NULL DEFAULT CURRENT_TIMESTAMP COMMENT '记录添加时间',
  `bak1` text,
  `bak2` text,
  `bak3` text,
  PRIMARY KEY (`idrecord_result`)
) ENGINE=InnoDB DEFAULT CHARSET=utf8 COMMENT='复杂评估的评估结果';
/*!40101 SET character_set_client = @saved_cs_client */;

--
-- Dumping data for table `record_result`
--

LOCK TABLES `record_result` WRITE;
/*!40000 ALTER TABLE `record_result` DISABLE KEYS */;
/*!40000 ALTER TABLE `record_result` ENABLE KEYS */;
UNLOCK TABLES;

--
-- Dumping events for database 'emr'
--

--
-- Dumping routines for database 'emr'
--
/*!40103 SET TIME_ZONE=@OLD_TIME_ZONE */;

/*!40101 SET SQL_MODE=@OLD_SQL_MODE */;
/*!40014 SET FOREIGN_KEY_CHECKS=@OLD_FOREIGN_KEY_CHECKS */;
/*!40014 SET UNIQUE_CHECKS=@OLD_UNIQUE_CHECKS */;
/*!40101 SET CHARACTER_SET_CLIENT=@OLD_CHARACTER_SET_CLIENT */;
/*!40101 SET CHARACTER_SET_RESULTS=@OLD_CHARACTER_SET_RESULTS */;
/*!40101 SET COLLATION_CONNECTION=@OLD_COLLATION_CONNECTION */;
/*!40111 SET SQL_NOTES=@OLD_SQL_NOTES */;

-- Dump completed on 2019-07-15 15:46:38
